employee_id,recommended_learning_plan
1,Critical Thinking & Complex Decision Making (C-SOFT-01)
2,Critical Thinking & Complex Decision Making (C-SOFT-01)
4,Critical Thinking & Complex Decision Making (C-SOFT-01)
5,Executive Communication & Stakeholder Alignment (C-SOFT-02)
7,Executive Communication & Stakeholder Alignment (C-SOFT-02)
8,Critical Thinking & Complex Decision Making (C-SOFT-01)
10,Critical Thinking & Complex Decision Making (C-SOFT-01)
11,Executive Communication & Stakeholder Alignment (C-SOFT-02) + Critical Thinking & Complex Decision Making (C-SOFT-01)
12,Executive Communication & Stakeholder Alignment (C-SOFT-02)
13,Critical Thinking & Complex Decision Making (C-SOFT-01)
14,Executive Communication & Stakeholder Alignment (C-SOFT-02) + Critical Thinking & Complex Decision Making (C-SOFT-01)
15,Critical Thinking & Complex Decision Making (C-SOFT-01)
16,Critical Thinking & Complex Decision Making (C-SOFT-01)
18,Executive Communication & Stakeholder Alignment (C-SOFT-02)
19,Executive Communication & Stakeholder Alignment (C-SOFT-02)
20,Executive Communication & Stakeholder Alignment (C-SOFT-02)
21,Applied Machine Learning & Deep Learning (C-TECH-03)
22,Executive Communication & Stakeholder Alignment (C-SOFT-02) + Critical Thinking & Complex Decision Making (C-SOFT-01)
23,Executive Communication & Stakeholder Alignment (C-SOFT-02)
24,Executive Communication & Stakeholder Alignment (C-SOFT-02)
26,Executive Communication & Stakeholder Alignment (C-SOFT-02)
27,Critical Thinking & Complex Decision Making (C-SOFT-01)
28,Executive Communication & Stakeholder Alignment (C-SOFT-02) + Critical Thinking & Complex Decision Making (C-SOFT-01)
30,Executive Communication & Stakeholder Alignment (C-SOFT-02)
31,Critical Thinking & Complex Decision Making (C-SOFT-01)
32,Critical Thinking & Complex Decision Making (C-SOFT-01)
33,Critical Thinking & Complex Decision Making (C-SOFT-01)
35,Critical Thinking & Complex Decision Making (C-SOFT-01)
36,Executive Communication & Stakeholder Alignment (C-SOFT-02)
38,Executive Communication & Stakeholder Alignment (C-SOFT-02) + Critical Thinking & Complex Decision Making (C-SOFT-01)
39,Executive Communication & Stakeholder Alignment (C-SOFT-02)
40,Executive Communication & Stakeholder Alignment (C-SOFT-02)
41,Executive Communication & Stakeholder Alignment (C-SOFT-02)
42,Critical Thinking & Complex Decision Making (C-SOFT-01)
45,Critical Thinking & Complex Decision Making (C-SOFT-01)
46,Executive Communication & Stakeholder Alignment (C-SOFT-02)
47,Critical Thinking & Complex Decision Making (C-SOFT-01)
49,Executive Communication & Stakeholder Alignment (C-SOFT-02)
51,Critical Thinking & Complex Decision Making (C-SOFT-01)
52,Executive Communication & Stakeholder Alignment (C-SOFT-02)
53,Executive Communication & Stakeholder Alignment (C-SOFT-02) + Critical Thinking & Complex Decision Making (C-SOFT-01)
54,Executive Communication & Stakeholder Alignment (C-SOFT-02)
55,Critical Thinking & Complex Decision Making (C-SOFT-01)
56,Critical Thinking & Complex Decision Making (C-SOFT-01)
57,Critical Thinking & Complex Decision Making (C-SOFT-01)
58,Critical Thinking & Complex Decision Making (C-SOFT-01)
60,Executive Communication & Stakeholder Alignment (C-SOFT-02)
61,Applied Machine Learning & Deep Learning (C-TECH-03)
62,Executive Communication & Stakeholder Alignment (C-SOFT-02)
63,Executive Communication & Stakeholder Alignment (C-SOFT-02)
64,Critical Thinking & Complex Decision Making (C-SOFT-01)
65,Executive Communication & Stakeholder Alignment (C-SOFT-02)
68,Critical Thinking & Complex Decision Making (C-SOFT-01)
70,Executive Communication & Stakeholder Alignment (C-SOFT-02) + Critical Thinking & Complex Decision Making (C-SOFT-01)
72,Executive Communication & Stakeholder Alignment (C-SOFT-02)
73,Executive Communication & Stakeholder Alignment (C-SOFT-02)
74,Executive Communication & Stakeholder Alignment (C-SOFT-02)
75,Executive Communication & Stakeholder Alignment (C-SOFT-02)
76,Executive Communication & Stakeholder Alignment (C-SOFT-02)
77,Critical Thinking & Complex Decision Making (C-SOFT-01)
78,Executive Communication & Stakeholder Alignment (C-SOFT-02)
79,Executive Communication & Stakeholder Alignment (C-SOFT-02)
80,Critical Thinking & Complex Decision Making (C-SOFT-01)
81,Critical Thinking & Complex Decision Making (C-SOFT-01)
83,Critical Thinking & Complex Decision Making (C-SOFT-01)
84,Critical Thinking & Complex Decision Making (C-SOFT-01)
85,Critical Thinking & Complex Decision Making (C-SOFT-01)
86,Executive Communication & Stakeholder Alignment (C-SOFT-02)
88,Executive Communication & Stakeholder Alignment (C-SOFT-02)
90,Critical Thinking & Complex Decision Making (C-SOFT-01)
91,Executive Communication & Stakeholder Alignment (C-SOFT-02)
94,Critical Thinking & Complex Decision Making (C-SOFT-01)
95,Executive Communication & Stakeholder Alignment (C-SOFT-02)
96,Executive Communication & Stakeholder Alignment (C-SOFT-02)
97,Executive Communication & Stakeholder Alignment (C-SOFT-02)
98,Critical Thinking & Complex Decision Making (C-SOFT-01)
100,Critical Thinking & Complex Decision Making (C-SOFT-01)
101,Critical Thinking & Complex Decision Making (C-SOFT-01)
102,Critical Thinking & Complex Decision Making (C-SOFT-01)
103,Executive Communication & Stakeholder Alignment (C-SOFT-02)
104,Critical Thinking & Complex Decision Making (C-SOFT-01)
105,Executive Communication & Stakeholder Alignment (C-SOFT-02)
106,Critical Thinking & Complex Decision Making (C-SOFT-01)
107,Critical Thinking & Complex Decision Making (C-SOFT-01)
110,Critical Thinking & Complex Decision Making (C-SOFT-01)
112,Executive Communication & Stakeholder Alignment (C-SOFT-02)
113,Executive Communication & Stakeholder Alignment (C-SOFT-02)
116,Critical Thinking & Complex Decision Making (C-SOFT-01)
117,Executive Communication & Stakeholder Alignment (C-SOFT-02) + Critical Thinking & Complex Decision Making (C-SOFT-01)
118,Executive Communication & Stakeholder Alignment (C-SOFT-02)
119,Executive Communication & Stakeholder Alignment (C-SOFT-02) + Critical Thinking & Complex Decision Making (C-SOFT-01)
120,Critical Thinking & Complex Decision Making (C-SOFT-01)
121,Executive Communication & Stakeholder Alignment (C-SOFT-02)
124,Executive Communication & Stakeholder Alignment (C-SOFT-02)
125,Critical Thinking & Complex Decision Making (C-SOFT-01)
126,Executive Communication & Stakeholder Alignment (C-SOFT-02)
128,Executive Communication & Stakeholder Alignment (C-SOFT-02)
129,Executive Communication & Stakeholder Alignment (C-SOFT-02)
131,Critical Thinking & Complex Decision Making (C-SOFT-01)
132,Critical Thinking & Complex Decision Making (C-SOFT-01)
133,Critical Thinking & Complex Decision Making (C-SOFT-01)
134,Critical Thinking & Complex Decision Making (C-SOFT-01)
137,Critical Thinking & Complex Decision Making (C-SOFT-01)
138,Critical Thinking & Complex Decision Making (C-SOFT-01)
139,Critical Thinking & Complex Decision Making (C-SOFT-01)
140,Critical Thinking & Complex Decision Making (C-SOFT-01)
141,Critical Thinking & Complex Decision Making (C-SOFT-01)
142,Executive Communication & Stakeholder Alignment (C-SOFT-02)
143,Executive Communication & Stakeholder Alignment (C-SOFT-02)
144,Critical Thinking & Complex Decision Making (C-SOFT-01)
145,Executive Communication & Stakeholder Alignment (C-SOFT-02)
147,Executive Communication & Stakeholder Alignment (C-SOFT-02)
148,Critical Thinking & Complex Decision Making (C-SOFT-01)
150,Executive Communication & Stakeholder Alignment (C-SOFT-02)
151,Executive Communication & Stakeholder Alignment (C-SOFT-02)
152,Executive Communication & Stakeholder Alignment (C-SOFT-02)
153,Critical Thinking & Complex Decision Making (C-SOFT-01)
154,Critical Thinking & Complex Decision Making (C-SOFT-01)
155,Critical Thinking & Complex Decision Making (C-SOFT-01)
158,Critical Thinking & Complex Decision Making (C-SOFT-01)
159,Executive Communication & Stakeholder Alignment (C-SOFT-02)
160,Executive Communication & Stakeholder Alignment (C-SOFT-02)
161,Critical Thinking & Complex Decision Making (C-SOFT-01)
162,Critical Thinking & Complex Decision Making (C-SOFT-01)
163,Executive Communication & Stakeholder Alignment (C-SOFT-02)
164,Executive Communication & Stakeholder Alignment (C-SOFT-02)
165,Critical Thinking & Complex Decision Making (C-SOFT-01) + Agile Project Leadership & Team Dynamics (C-SOFT-03)
167,Critical Thinking & Complex Decision Making (C-SOFT-01)
169,Executive Communication & Stakeholder Alignment (C-SOFT-02)
170,Critical Thinking & Complex Decision Making (C-SOFT-01)
171,Executive Communication & Stakeholder Alignment (C-SOFT-02)
174,Critical Thinking & Complex Decision Making (C-SOFT-01)
175,Critical Thinking & Complex Decision Making (C-SOFT-01)
176,Executive Communication & Stakeholder Alignment (C-SOFT-02)
177,Critical Thinking & Complex Decision Making (C-SOFT-01)
178,Executive Communication & Stakeholder Alignment (C-SOFT-02)
179,Executive Communication & Stakeholder Alignment (C-SOFT-02)
182,Critical Thinking & Complex Decision Making (C-SOFT-01)
183,Executive Communication & Stakeholder Alignment (C-SOFT-02)
184,Critical Thinking & Complex Decision Making (C-SOFT-01)
190,Executive Communication & Stakeholder Alignment (C-SOFT-02) + Critical Thinking & Complex Decision Making (C-SOFT-01)
192,Critical Thinking & Complex Decision Making (C-SOFT-01)
193,Critical Thinking & Complex Decision Making (C-SOFT-01)
194,Executive Communication & Stakeholder Alignment (C-SOFT-02)
195,Executive Communication & Stakeholder Alignment (C-SOFT-02)
197,Critical Thinking & Complex Decision Making (C-SOFT-01)
198,Critical Thinking & Complex Decision Making (C-SOFT-01)
199,Executive Communication & Stakeholder Alignment (C-SOFT-02)
200,Executive Communication & Stakeholder Alignment (C-SOFT-02) + Critical Thinking & Complex Decision Making (C-SOFT-01)
201,Critical Thinking & Complex Decision Making (C-SOFT-01)
202,Critical Thinking & Complex Decision Making (C-SOFT-01)
204,Critical Thinking & Complex Decision Making (C-SOFT-01)
205,Executive Communication & Stakeholder Alignment (C-SOFT-02)
206,Executive Communication & Stakeholder Alignment (C-SOFT-02)
207,Executive Communication & Stakeholder Alignment (C-SOFT-02)
208,Critical Thinking & Complex Decision Making (C-SOFT-01)
211,Critical Thinking & Complex Decision Making (C-SOFT-01)
214,Applied Machine Learning & Deep Learning (C-TECH-03)
215,Executive Communication & Stakeholder Alignment (C-SOFT-02)
216,Executive Communication & Stakeholder Alignment (C-SOFT-02)
217,Critical Thinking & Complex Decision Making (C-SOFT-01)
218,Critical Thinking & Complex Decision Making (C-SOFT-01)
221,Executive Communication & Stakeholder Alignment (C-SOFT-02) + Applied Machine Learning & Deep Learning (C-TECH-03)
223,Executive Communication & Stakeholder Alignment (C-SOFT-02) + Critical Thinking & Complex Decision Making (C-SOFT-01)
224,Executive Communication & Stakeholder Alignment (C-SOFT-02)
226,Critical Thinking & Complex Decision Making (C-SOFT-01)
227,Critical Thinking & Complex Decision Making (C-SOFT-01)
228,Executive Communication & Stakeholder Alignment (C-SOFT-02)
230,Executive Communication & Stakeholder Alignment (C-SOFT-02)
231,Critical Thinking & Complex Decision Making (C-SOFT-01)
233,Executive Communication & Stakeholder Alignment (C-SOFT-02)
235,Critical Thinking & Complex Decision Making (C-SOFT-01)
238,Executive Communication & Stakeholder Alignment (C-SOFT-02)
239,Executive Communication & Stakeholder Alignment (C-SOFT-02) + Critical Thinking & Complex Decision Making (C-SOFT-01)
240,Critical Thinking & Complex Decision Making (C-SOFT-01)
241,Executive Communication & Stakeholder Alignment (C-SOFT-02)
242,Critical Thinking & Complex Decision Making (C-SOFT-01)
243,Executive Communication & Stakeholder Alignment (C-SOFT-02)
244,Critical Thinking & Complex Decision Making (C-SOFT-01)
245,Executive Communication & Stakeholder Alignment (C-SOFT-02) + Critical Thinking & Complex Decision Making (C-SOFT-01)
246,Critical Thinking & Complex Decision Making (C-SOFT-01)
247,Executive Communication & Stakeholder Alignment (C-SOFT-02)
248,Executive Communication & Stakeholder Alignment (C-SOFT-02)
249,Critical Thinking & Complex Decision Making (C-SOFT-01)
250,Executive Communication & Stakeholder Alignment (C-SOFT-02)
252,Critical Thinking & Complex Decision Making (C-SOFT-01)
253,Executive Communication & Stakeholder Alignment (C-SOFT-02)
254,Critical Thinking & Complex Decision Making (C-SOFT-01)
256,Executive Communication & Stakeholder Alignment (C-SOFT-02)
258,Critical Thinking & Complex Decision Making (C-SOFT-01)
259,Critical Thinking & Complex Decision Making (C-SOFT-01)
260,Critical Thinking & Complex Decision Making (C-SOFT-01)
261,Critical Thinking & Complex Decision Making (C-SOFT-01)
262,Production MLOps & Model Deployment (C-TECH-04)
264,Executive Communication & Stakeholder Alignment (C-SOFT-02)
267,Executive Communication & Stakeholder Alignment (C-SOFT-02)
269,Executive Communication & Stakeholder Alignment (C-SOFT-02)
270,Critical Thinking & Complex Decision Making (C-SOFT-01)
271,Executive Communication & Stakeholder Alignment (C-SOFT-02)
273,Critical Thinking & Complex Decision Making (C-SOFT-01)
274,Executive Communication & Stakeholder Alignment (C-SOFT-02)
275,Executive Communication & Stakeholder Alignment (C-SOFT-02)
277,Critical Thinking & Complex Decision Making (C-SOFT-01)
281,Critical Thinking & Complex Decision Making (C-SOFT-01)
282,Critical Thinking & Complex Decision Making (C-SOFT-01)
283,Executive Communication & Stakeholder Alignment (C-SOFT-02)
284,Critical Thinking & Complex Decision Making (C-SOFT-01)
286,Executive Communication & Stakeholder Alignment (C-SOFT-02)
287,Executive Communication & Stakeholder Alignment (C-SOFT-02)
288,Critical Thinking & Complex Decision Making (C-SOFT-01)
291,Critical Thinking & Complex Decision Making (C-SOFT-01)
292,Executive Communication & Stakeholder Alignment (C-SOFT-02)
293,Executive Communication & Stakeholder Alignment (C-SOFT-02)
296,Critical Thinking & Complex Decision Making (C-SOFT-01)
297,Critical Thinking & Complex Decision Making (C-SOFT-01)
298,Executive Communication & Stakeholder Alignment (C-SOFT-02)
299,Critical Thinking & Complex Decision Making (C-SOFT-01)
300,Critical Thinking & Complex Decision Making (C-SOFT-01)
302,Executive Communication & Stakeholder Alignment (C-SOFT-02)
303,Critical Thinking & Complex Decision Making (C-SOFT-01)
304,Executive Communication & Stakeholder Alignment (C-SOFT-02) + Critical Thinking & Complex Decision Making (C-SOFT-01)
305,Executive Communication & Stakeholder Alignment (C-SOFT-02)
306,Executive Communication & Stakeholder Alignment (C-SOFT-02)
307,Executive Communication & Stakeholder Alignment (C-SOFT-02)
308,Executive Communication & Stakeholder Alignment (C-SOFT-02)
309,Executive Communication & Stakeholder Alignment (C-SOFT-02)
311,Critical Thinking & Complex Decision Making (C-SOFT-01)
312,Executive Communication & Stakeholder Alignment (C-SOFT-02)
314,Critical Thinking & Complex Decision Making (C-SOFT-01)
315,Executive Communication & Stakeholder Alignment (C-SOFT-02)
316,Critical Thinking & Complex Decision Making (C-SOFT-01)
319,Executive Communication & Stakeholder Alignment (C-SOFT-02)
321,Critical Thinking & Complex Decision Making (C-SOFT-01)
323,Critical Thinking & Complex Decision Making (C-SOFT-01)
325,Critical Thinking & Complex Decision Making (C-SOFT-01)
327,Critical Thinking & Complex Decision Making (C-SOFT-01)
328,Executive Communication & Stakeholder Alignment (C-SOFT-02)
329,Executive Communication & Stakeholder Alignment (C-SOFT-02)
330,Executive Communication & Stakeholder Alignment (C-SOFT-02)
331,Critical Thinking & Complex Decision Making (C-SOFT-01)
332,Executive Communication & Stakeholder Alignment (C-SOFT-02) + Critical Thinking & Complex Decision Making (C-SOFT-01)
333,Executive Communication & Stakeholder Alignment (C-SOFT-02)
334,Executive Communication & Stakeholder Alignment (C-SOFT-02)
335,Executive Communication & Stakeholder Alignment (C-SOFT-02)
336,Executive Communication & Stakeholder Alignment (C-SOFT-02)
337,Executive Communication & Stakeholder Alignment (C-SOFT-02)
338,Executive Communication & Stakeholder Alignment (C-SOFT-02)
339,Executive Communication & Stakeholder Alignment (C-SOFT-02)
340,Critical Thinking & Complex Decision Making (C-SOFT-01)
341,Critical Thinking & Complex Decision Making (C-SOFT-01)
342,Critical Thinking & Complex Decision Making (C-SOFT-01)
343,Executive Communication & Stakeholder Alignment (C-SOFT-02) + Critical Thinking & Complex Decision Making (C-SOFT-01)
346,Executive Communication & Stakeholder Alignment (C-SOFT-02)
347,Executive Communication & Stakeholder Alignment (C-SOFT-02)
349,Executive Communication & Stakeholder Alignment (C-SOFT-02)
350,Executive Communication & Stakeholder Alignment (C-SOFT-02)
351,Executive Communication & Stakeholder Alignment (C-SOFT-02)
352,Executive Communication & Stakeholder Alignment (C-SOFT-02)
353,Executive Communication & Stakeholder Alignment (C-SOFT-02)
355,Executive Communication & Stakeholder Alignment (C-SOFT-02)
359,Executive Communication & Stakeholder Alignment (C-SOFT-02)
361,Critical Thinking & Complex Decision Making (C-SOFT-01)
362,Critical Thinking & Complex Decision Making (C-SOFT-01)
363,Critical Thinking & Complex Decision Making (C-SOFT-01)
364,Critical Thinking & Complex Decision Making (C-SOFT-01)
366,Critical Thinking & Complex Decision Making (C-SOFT-01)
367,Critical Thinking & Complex Decision Making (C-SOFT-01)
369,Executive Communication & Stakeholder Alignment (C-SOFT-02)
372,Critical Thinking & Complex Decision Making (C-SOFT-01)
373,Critical Thinking & Complex Decision Making (C-SOFT-01)
374,Critical Thinking & Complex Decision Making (C-SOFT-01) + Executive Communication & Stakeholder Alignment (C-SOFT-02)
376,Executive Communication & Stakeholder Alignment (C-SOFT-02)
377,Executive Communication & Stakeholder Alignment (C-SOFT-02)
378,Critical Thinking & Complex Decision Making (C-SOFT-01)
379,Executive Communication & Stakeholder Alignment (C-SOFT-02)
380,Executive Communication & Stakeholder Alignment (C-SOFT-02)
381,Executive Communication & Stakeholder Alignment (C-SOFT-02)
382,Critical Thinking & Complex Decision Making (C-SOFT-01)
384,Critical Thinking & Complex Decision Making (C-SOFT-01)
385,Critical Thinking & Complex Decision Making (C-SOFT-01)
386,Critical Thinking & Complex Decision Making (C-SOFT-01)
387,Executive Communication & Stakeholder Alignment (C-SOFT-02)
388,Executive Communication & Stakeholder Alignment (C-SOFT-02)
389,Critical Thinking & Complex Decision Making (C-SOFT-01)
390,Executive Communication & Stakeholder Alignment (C-SOFT-02) + Critical Thinking & Complex Decision Making (C-SOFT-01)
391,Critical Thinking & Complex Decision Making (C-SOFT-01)
392,Executive Communication & Stakeholder Alignment (C-SOFT-02) + Critical Thinking & Complex Decision Making (C-SOFT-01)
393,Executive Communication & Stakeholder Alignment (C-SOFT-02)
394,Executive Communication & Stakeholder Alignment (C-SOFT-02)
395,Executive Communication & Stakeholder Alignment (C-SOFT-02)
396,Executive Communication & Stakeholder Alignment (C-SOFT-02)
397,Executive Communication & Stakeholder Alignment (C-SOFT-02)
399,Executive Communication & Stakeholder Alignment (C-SOFT-02)
401,Critical Thinking & Complex Decision Making (C-SOFT-01)
403,Executive Communication & Stakeholder Alignment (C-SOFT-02)
404,Executive Communication & Stakeholder Alignment (C-SOFT-02)
405,Executive Communication & Stakeholder Alignment (C-SOFT-02)
406,Executive Communication & Stakeholder Alignment (C-SOFT-02)
407,Executive Communication & Stakeholder Alignment (C-SOFT-02)
408,Critical Thinking & Complex Decision Making (C-SOFT-01)
410,Critical Thinking & Complex Decision Making (C-SOFT-01)
411,Executive Communication & Stakeholder Alignment (C-SOFT-02)
412,Executive Communication & Stakeholder Alignment (C-SOFT-02)
416,Critical Thinking & Complex Decision Making (C-SOFT-01)
417,Critical Thinking & Complex Decision Making (C-SOFT-01)
419,Critical Thinking & Complex Decision Making (C-SOFT-01)
420,Critical Thinking & Complex Decision Making (C-SOFT-01)
421,Executive Communication & Stakeholder Alignment (C-SOFT-02)
422,Executive Communication & Stakeholder Alignment (C-SOFT-02)
423,Critical Thinking & Complex Decision Making (C-SOFT-01)
424,Critical Thinking & Complex Decision Making (C-SOFT-01)
425,Critical Thinking & Complex Decision Making (C-SOFT-01)
426,Critical Thinking & Complex Decision Making (C-SOFT-01)
428,Critical Thinking & Complex Decision Making (C-SOFT-01)
429,Critical Thinking & Complex Decision Making (C-SOFT-01)
430,Critical Thinking & Complex Decision Making (C-SOFT-01)
431,Critical Thinking & Complex Decision Making (C-SOFT-01)
433,Critical Thinking & Complex Decision Making (C-SOFT-01)
434,Executive Communication & Stakeholder Alignment (C-SOFT-02)
436,Critical Thinking & Complex Decision Making (C-SOFT-01)
437,Executive Communication & Stakeholder Alignment (C-SOFT-02)
438,Critical Thinking & Complex Decision Making (C-SOFT-01)
439,Critical Thinking & Complex Decision Making (C-SOFT-01)
440,Executive Communication & Stakeholder Alignment (C-SOFT-02)
441,Critical Thinking & Complex Decision Making (C-SOFT-01)
442,Critical Thinking & Complex Decision Making (C-SOFT-01)
444,Executive Communication & Stakeholder Alignment (C-SOFT-02)
445,Critical Thinking & Complex Decision Making (C-SOFT-01)
446,Executive Communication & Stakeholder Alignment (C-SOFT-02)
447,Executive Communication & Stakeholder Alignment (C-SOFT-02) + Critical Thinking & Complex Decision Making (C-SOFT-01)
448,Executive Communication & Stakeholder Alignment (C-SOFT-02)
449,Executive Communication & Stakeholder Alignment (C-SOFT-02)
450,Critical Thinking & Complex Decision Making (C-SOFT-01)
451,Executive Communication & Stakeholder Alignment (C-SOFT-02) + Critical Thinking & Complex Decision Making (C-SOFT-01)
452,Executive Communication & Stakeholder Alignment (C-SOFT-02)
453,Executive Communication & Stakeholder Alignment (C-SOFT-02)
454,Executive Communication & Stakeholder Alignment (C-SOFT-02)
455,Critical Thinking & Complex Decision Making (C-SOFT-01)
456,Executive Communication & Stakeholder Alignment (C-SOFT-02)
458,Executive Communication & Stakeholder Alignment (C-SOFT-02)
460,Executive Communication & Stakeholder Alignment (C-SOFT-02)
461,Executive Communication & Stakeholder Alignment (C-SOFT-02)
462,Executive Communication & Stakeholder Alignment (C-SOFT-02)
463,Executive Communication & Stakeholder Alignment (C-SOFT-02)
464,Executive Communication & Stakeholder Alignment (C-SOFT-02)
465,Executive Communication & Stakeholder Alignment (C-SOFT-02)
466,Critical Thinking & Complex Decision Making (C-SOFT-01)
467,Critical Thinking & Complex Decision Making (C-SOFT-01)
468,Executive Communication & Stakeholder Alignment (C-SOFT-02) + Critical Thinking & Complex Decision Making (C-SOFT-01)
469,Executive Communication & Stakeholder Alignment (C-SOFT-02)
470,Executive Communication & Stakeholder Alignment (C-SOFT-02)
471,Executive Communication & Stakeholder Alignment (C-SOFT-02)
473,Executive Communication & Stakeholder Alignment (C-SOFT-02)
474,Executive Communication & Stakeholder Alignment (C-SOFT-02)
475,Executive Communication & Stakeholder Alignment (C-SOFT-02)
476,Executive Communication & Stakeholder Alignment (C-SOFT-02)
477,Executive Communication & Stakeholder Alignment (C-SOFT-02)
478,Critical Thinking & Complex Decision Making (C-SOFT-01)
479,Executive Communication & Stakeholder Alignment (C-SOFT-02)
481,Executive Communication & Stakeholder Alignment (C-SOFT-02)
482,Critical Thinking & Complex Decision Making (C-SOFT-01)
483,Critical Thinking & Complex Decision Making (C-SOFT-01)
484,Critical Thinking & Complex Decision Making (C-SOFT-01)
485,Executive Communication & Stakeholder Alignment (C-SOFT-02)
486,Critical Thinking & Complex Decision Making (C-SOFT-01)
487,Executive Communication & Stakeholder Alignment (C-SOFT-02)
488,Critical Thinking & Complex Decision Making (C-SOFT-01)
491,Executive Communication & Stakeholder Alignment (C-SOFT-02)
492,Executive Communication & Stakeholder Alignment (C-SOFT-02)
493,Executive Communication & Stakeholder Alignment (C-SOFT-02)
494,Executive Communication & Stakeholder Alignment (C-SOFT-02)
495,Critical Thinking & Complex Decision Making (C-SOFT-01)
496,Critical Thinking & Complex Decision Making (C-SOFT-01)
497,Critical Thinking & Complex Decision Making (C-SOFT-01)
498,Critical Thinking & Complex Decision Making (C-SOFT-01)
499,Critical Thinking & Complex Decision Making (C-SOFT-01)
500,Executive Communication & Stakeholder Alignment (C-SOFT-02)
501,Critical Thinking & Complex Decision Making (C-SOFT-01)
502,Critical Thinking & Complex Decision Making (C-SOFT-01)
505,Critical Thinking & Complex Decision Making (C-SOFT-01)
507,Critical Thinking & Complex Decision Making (C-SOFT-01)
508,Critical Thinking & Complex Decision Making (C-SOFT-01)
510,Critical Thinking & Complex Decision Making (C-SOFT-01)
511,Executive Communication & Stakeholder Alignment (C-SOFT-02)
513,Critical Thinking & Complex Decision Making (C-SOFT-01)
514,Critical Thinking & Complex Decision Making (C-SOFT-01)
515,Executive Communication & Stakeholder Alignment (C-SOFT-02) + Critical Thinking & Complex Decision Making (C-SOFT-01)
516,Critical Thinking & Complex Decision Making (C-SOFT-01)
517,Executive Communication & Stakeholder Alignment (C-SOFT-02)
518,Critical Thinking & Complex Decision Making (C-SOFT-01)
520,Critical Thinking & Complex Decision Making (C-SOFT-01)
521,Executive Communication & Stakeholder Alignment (C-SOFT-02)
522,Critical Thinking & Complex Decision Making (C-SOFT-01)
523,Critical Thinking & Complex Decision Making (C-SOFT-01)
524,Critical Thinking & Complex Decision Making (C-SOFT-01)
525,Executive Communication & Stakeholder Alignment (C-SOFT-02)
526,Critical Thinking & Complex Decision Making (C-SOFT-01)
527,Critical Thinking & Complex Decision Making (C-SOFT-01)
529,Critical Thinking & Complex Decision Making (C-SOFT-01)
530,Executive Communication & Stakeholder Alignment (C-SOFT-02) + Critical Thinking & Complex Decision Making (C-SOFT-01)
531,Critical Thinking & Complex Decision Making (C-SOFT-01)
532,Executive Communication & Stakeholder Alignment (C-SOFT-02)
533,Critical Thinking & Complex Decision Making (C-SOFT-01)
534,Critical Thinking & Complex Decision Making (C-SOFT-01)
536,Critical Thinking & Complex Decision Making (C-SOFT-01)
538,Executive Communication & Stakeholder Alignment (C-SOFT-02) + Critical Thinking & Complex Decision Making (C-SOFT-01)
543,Critical Thinking & Complex Decision Making (C-SOFT-01)
544,Executive Communication & Stakeholder Alignment (C-SOFT-02)
546,Critical Thinking & Complex Decision Making (C-SOFT-01)
547,Critical Thinking & Complex Decision Making (C-SOFT-01)
548,Critical Thinking & Complex Decision Making (C-SOFT-01)
549,Critical Thinking & Complex Decision Making (C-SOFT-01)
550,Executive Communication & Stakeholder Alignment (C-SOFT-02)
551,Executive Communication & Stakeholder Alignment (C-SOFT-02) + Critical Thinking & Complex Decision Making (C-SOFT-01)
554,Executive Communication & Stakeholder Alignment (C-SOFT-02)
555,Critical Thinking & Complex Decision Making (C-SOFT-01)
556,Executive Communication & Stakeholder Alignment (C-SOFT-02)
558,Critical Thinking & Complex Decision Making (C-SOFT-01)
560,Executive Communication & Stakeholder Alignment (C-SOFT-02)
562,Executive Communication & Stakeholder Alignment (C-SOFT-02) + Critical Thinking & Complex Decision Making (C-SOFT-01)
564,Critical Thinking & Complex Decision Making (C-SOFT-01)
565,Critical Thinking & Complex Decision Making (C-SOFT-01)
566,Executive Communication & Stakeholder Alignment (C-SOFT-02)
567,Critical Thinking & Complex Decision Making (C-SOFT-01)
568,Critical Thinking & Complex Decision Making (C-SOFT-01)
569,Critical Thinking & Complex Decision Making (C-SOFT-01)
571,Critical Thinking & Complex Decision Making (C-SOFT-01)
573,Critical Thinking & Complex Decision Making (C-SOFT-01)
574,Executive Communication & Stakeholder Alignment (C-SOFT-02)
575,Executive Communication & Stakeholder Alignment (C-SOFT-02)
577,Executive Communication & Stakeholder Alignment (C-SOFT-02)
578,Executive Communication & Stakeholder Alignment (C-SOFT-02)
579,Executive Communication & Stakeholder Alignment (C-SOFT-02)
580,Critical Thinking & Complex Decision Making (C-SOFT-01)
581,Critical Thinking & Complex Decision Making (C-SOFT-01)
582,Critical Thinking & Complex Decision Making (C-SOFT-01)
584,Executive Communication & Stakeholder Alignment (C-SOFT-02)
585,Critical Thinking & Complex Decision Making (C-SOFT-01)
586,Executive Communication & Stakeholder Alignment (C-SOFT-02)
587,Critical Thinking & Complex Decision Making (C-SOFT-01)
590,Critical Thinking & Complex Decision Making (C-SOFT-01)
591,Critical Thinking & Complex Decision Making (C-SOFT-01)
592,Executive Communication & Stakeholder Alignment (C-SOFT-02)
593,Critical Thinking & Complex Decision Making (C-SOFT-01)
595,Critical Thinking & Complex Decision Making (C-SOFT-01)
597,Critical Thinking & Complex Decision Making (C-SOFT-01)
599,Executive Communication & Stakeholder Alignment (C-SOFT-02)
600,Critical Thinking & Complex Decision Making (C-SOFT-01)
601,Critical Thinking & Complex Decision Making (C-SOFT-01)
602,Executive Communication & Stakeholder Alignment (C-SOFT-02)
604,Executive Communication & Stakeholder Alignment (C-SOFT-02)
605,Critical Thinking & Complex Decision Making (C-SOFT-01)
606,Executive Communication & Stakeholder Alignment (C-SOFT-02)
608,Executive Communication & Stakeholder Alignment (C-SOFT-02)
611,Executive Communication & Stakeholder Alignment (C-SOFT-02)
612,Executive Communication & Stakeholder Alignment (C-SOFT-02)
613,Critical Thinking & Complex Decision Making (C-SOFT-01)
614,Critical Thinking & Complex Decision Making (C-SOFT-01)
615,Executive Communication & Stakeholder Alignment (C-SOFT-02)
616,Executive Communication & Stakeholder Alignment (C-SOFT-02)
618,Critical Thinking & Complex Decision Making (C-SOFT-01)
620,Executive Communication & Stakeholder Alignment (C-SOFT-02)
621,Critical Thinking & Complex Decision Making (C-SOFT-01)
622,Executive Communication & Stakeholder Alignment (C-SOFT-02) + Critical Thinking & Complex Decision Making (C-SOFT-01)
623,Critical Thinking & Complex Decision Making (C-SOFT-01)
624,Critical Thinking & Complex Decision Making (C-SOFT-01)
625,Critical Thinking & Complex Decision Making (C-SOFT-01)
626,Executive Communication & Stakeholder Alignment (C-SOFT-02)
630,Executive Communication & Stakeholder Alignment (C-SOFT-02)
631,Executive Communication & Stakeholder Alignment (C-SOFT-02)
632,Executive Communication & Stakeholder Alignment (C-SOFT-02)
634,Executive Communication & Stakeholder Alignment (C-SOFT-02)
635,Critical Thinking & Complex Decision Making (C-SOFT-01)
638,Executive Communication & Stakeholder Alignment (C-SOFT-02)
639,Critical Thinking & Complex Decision Making (C-SOFT-01)
641,Critical Thinking & Complex Decision Making (C-SOFT-01)
643,Executive Communication & Stakeholder Alignment (C-SOFT-02)
644,Critical Thinking & Complex Decision Making (C-SOFT-01)
645,Critical Thinking & Complex Decision Making (C-SOFT-01)
647,Executive Communication & Stakeholder Alignment (C-SOFT-02)
648,Critical Thinking & Complex Decision Making (C-SOFT-01)
649,Executive Communication & Stakeholder Alignment (C-SOFT-02)
650,Executive Communication & Stakeholder Alignment (C-SOFT-02)
652,Executive Communication & Stakeholder Alignment (C-SOFT-02)
653,Executive Communication & Stakeholder Alignment (C-SOFT-02)
655,Critical Thinking & Complex Decision Making (C-SOFT-01)
656,Executive Communication & Stakeholder Alignment (C-SOFT-02)
657,Critical Thinking & Complex Decision Making (C-SOFT-01)
659,Executive Communication & Stakeholder Alignment (C-SOFT-02)
661,Critical Thinking & Complex Decision Making (C-SOFT-01)
662,Executive Communication & Stakeholder Alignment (C-SOFT-02) + Applied Machine Learning & Deep Learning (C-TECH-03)
663,Executive Communication & Stakeholder Alignment (C-SOFT-02)
664,Executive Communication & Stakeholder Alignment (C-SOFT-02)
665,Executive Communication & Stakeholder Alignment (C-SOFT-02)
666,Executive Communication & Stakeholder Alignment (C-SOFT-02)
667,Critical Thinking & Complex Decision Making (C-SOFT-01)
669,Executive Communication & Stakeholder Alignment (C-SOFT-02)
671,Critical Thinking & Complex Decision Making (C-SOFT-01)
675,Executive Communication & Stakeholder Alignment (C-SOFT-02)
677,Executive Communication & Stakeholder Alignment (C-SOFT-02)
679,Executive Communication & Stakeholder Alignment (C-SOFT-02)
680,Executive Communication & Stakeholder Alignment (C-SOFT-02)
682,Critical Thinking & Complex Decision Making (C-SOFT-01)
683,Critical Thinking & Complex Decision Making (C-SOFT-01)
684,Executive Communication & Stakeholder Alignment (C-SOFT-02)
686,Critical Thinking & Complex Decision Making (C-SOFT-01)
689,Critical Thinking & Complex Decision Making (C-SOFT-01)
690,Critical Thinking & Complex Decision Making (C-SOFT-01)
691,Critical Thinking & Complex Decision Making (C-SOFT-01)
692,Critical Thinking & Complex Decision Making (C-SOFT-01)
698,Critical Thinking & Complex Decision Making (C-SOFT-01)
699,Critical Thinking & Complex Decision Making (C-SOFT-01)
700,Critical Thinking & Complex Decision Making (C-SOFT-01)
701,Critical Thinking & Complex Decision Making (C-SOFT-01)
702,Executive Communication & Stakeholder Alignment (C-SOFT-02)
704,Executive Communication & Stakeholder Alignment (C-SOFT-02)
705,Executive Communication & Stakeholder Alignment (C-SOFT-02)
707,Executive Communication & Stakeholder Alignment (C-SOFT-02)
709,Executive Communication & Stakeholder Alignment (C-SOFT-02)
710,Critical Thinking & Complex Decision Making (C-SOFT-01)
712,Critical Thinking & Complex Decision Making (C-SOFT-01)
714,Critical Thinking & Complex Decision Making (C-SOFT-01)
715,Executive Communication & Stakeholder Alignment (C-SOFT-02)
716,Executive Communication & Stakeholder Alignment (C-SOFT-02) + Critical Thinking & Complex Decision Making (C-SOFT-01)
717,Critical Thinking & Complex Decision Making (C-SOFT-01)
720,Critical Thinking & Complex Decision Making (C-SOFT-01)
721,Critical Thinking & Complex Decision Making (C-SOFT-01)
722,Executive Communication & Stakeholder Alignment (C-SOFT-02)
723,Critical Thinking & Complex Decision Making (C-SOFT-01)
724,Executive Communication & Stakeholder Alignment (C-SOFT-02)
725,Executive Communication & Stakeholder Alignment (C-SOFT-02)
727,Executive Communication & Stakeholder Alignment (C-SOFT-02) + Critical Thinking & Complex Decision Making (C-SOFT-01)
728,Executive Communication & Stakeholder Alignment (C-SOFT-02)
729,Critical Thinking & Complex Decision Making (C-SOFT-01)
730,Critical Thinking & Complex Decision Making (C-SOFT-01)
731,Critical Thinking & Complex Decision Making (C-SOFT-01)
732,Executive Communication & Stakeholder Alignment (C-SOFT-02)
733,Executive Communication & Stakeholder Alignment (C-SOFT-02)
734,Executive Communication & Stakeholder Alignment (C-SOFT-02)
738,Executive Communication & Stakeholder Alignment (C-SOFT-02)
741,Critical Thinking & Complex Decision Making (C-SOFT-01)
742,Critical Thinking & Complex Decision Making (C-SOFT-01)
743,Executive Communication & Stakeholder Alignment (C-SOFT-02)
744,Critical Thinking & Complex Decision Making (C-SOFT-01)
746,Executive Communication & Stakeholder Alignment (C-SOFT-02)
747,Critical Thinking & Complex Decision Making (C-SOFT-01)
749,Executive Communication & Stakeholder Alignment (C-SOFT-02)
752,Critical Thinking & Complex Decision Making (C-SOFT-01)
754,Executive Communication & Stakeholder Alignment (C-SOFT-02)
757,Executive Communication & Stakeholder Alignment (C-SOFT-02)
758,Critical Thinking & Complex Decision Making (C-SOFT-01)
760,Executive Communication & Stakeholder Alignment (C-SOFT-02)
762,Critical Thinking & Complex Decision Making (C-SOFT-01)
763,Critical Thinking & Complex Decision Making (C-SOFT-01)
764,Executive Communication & Stakeholder Alignment (C-SOFT-02)
766,Executive Communication & Stakeholder Alignment (C-SOFT-02)
769,Critical Thinking & Complex Decision Making (C-SOFT-01)
771,Executive Communication & Stakeholder Alignment (C-SOFT-02)
772,Executive Communication & Stakeholder Alignment (C-SOFT-02)
773,Critical Thinking & Complex Decision Making (C-SOFT-01)
775,Executive Communication & Stakeholder Alignment (C-SOFT-02)
776,Executive Communication & Stakeholder Alignment (C-SOFT-02)
780,Applied Machine Learning & Deep Learning (C-TECH-03)
781,Executive Communication & Stakeholder Alignment (C-SOFT-02)
783,Critical Thinking & Complex Decision Making (C-SOFT-01)
784,Executive Communication & Stakeholder Alignment (C-SOFT-02)
785,Critical Thinking & Complex Decision Making (C-SOFT-01)
786,Executive Communication & Stakeholder Alignment (C-SOFT-02)
787,Critical Thinking & Complex Decision Making (C-SOFT-01)
789,Executive Communication & Stakeholder Alignment (C-SOFT-02)
791,Executive Communication & Stakeholder Alignment (C-SOFT-02)
792,Executive Communication & Stakeholder Alignment (C-SOFT-02)
793,Executive Communication & Stakeholder Alignment (C-SOFT-02)
796,Executive Communication & Stakeholder Alignment (C-SOFT-02)
797,Executive Communication & Stakeholder Alignment (C-SOFT-02)
799,Executive Communication & Stakeholder Alignment (C-SOFT-02)
800,Executive Communication & Stakeholder Alignment (C-SOFT-02)
802,Executive Communication & Stakeholder Alignment (C-SOFT-02)
803,Critical Thinking & Complex Decision Making (C-SOFT-01)
804,Executive Communication & Stakeholder Alignment (C-SOFT-02)
805,Critical Thinking & Complex Decision Making (C-SOFT-01)
806,Executive Communication & Stakeholder Alignment (C-SOFT-02)
807,Critical Thinking & Complex Decision Making (C-SOFT-01)
808,Critical Thinking & Complex Decision Making (C-SOFT-01)
809,Executive Communication & Stakeholder Alignment (C-SOFT-02)
811,Critical Thinking & Complex Decision Making (C-SOFT-01)
812,Critical Thinking & Complex Decision Making (C-SOFT-01)
813,Executive Communication & Stakeholder Alignment (C-SOFT-02)
815,Executive Communication & Stakeholder Alignment (C-SOFT-02)
816,Executive Communication & Stakeholder Alignment (C-SOFT-02)
817,Critical Thinking & Complex Decision Making (C-SOFT-01)
819,Critical Thinking & Complex Decision Making (C-SOFT-01)
820,Critical Thinking & Complex Decision Making (C-SOFT-01)
823,Executive Communication & Stakeholder Alignment (C-SOFT-02)
824,Critical Thinking & Complex Decision Making (C-SOFT-01)
825,Agile Project Leadership & Team Dynamics (C-SOFT-03)
826,Executive Communication & Stakeholder Alignment (C-SOFT-02)
827,Executive Communication & Stakeholder Alignment (C-SOFT-02)
828,Critical Thinking & Complex Decision Making (C-SOFT-01)
829,Executive Communication & Stakeholder Alignment (C-SOFT-02)
830,Executive Communication & Stakeholder Alignment (C-SOFT-02)
832,Critical Thinking & Complex Decision Making (C-SOFT-01)
833,Critical Thinking & Complex Decision Making (C-SOFT-01)
834,Critical Thinking & Complex Decision Making (C-SOFT-01)
836,Critical Thinking & Complex Decision Making (C-SOFT-01)
837,Critical Thinking & Complex Decision Making (C-SOFT-01)
838,Critical Thinking & Complex Decision Making (C-SOFT-01)
840,Executive Communication & Stakeholder Alignment (C-SOFT-02)
842,Executive Communication & Stakeholder Alignment (C-SOFT-02)
843,Critical Thinking & Complex Decision Making (C-SOFT-01)
844,Executive Communication & Stakeholder Alignment (C-SOFT-02)
845,Critical Thinking & Complex Decision Making (C-SOFT-01)
846,Executive Communication & Stakeholder Alignment (C-SOFT-02)
847,Critical Thinking & Complex Decision Making (C-SOFT-01)
848,Critical Thinking & Complex Decision Making (C-SOFT-01)
850,Executive Communication & Stakeholder Alignment (C-SOFT-02)
851,Critical Thinking & Complex Decision Making (C-SOFT-01)
852,Executive Communication & Stakeholder Alignment (C-SOFT-02) + Critical Thinking & Complex Decision Making (C-SOFT-01)
854,Executive Communication & Stakeholder Alignment (C-SOFT-02)
855,Critical Thinking & Complex Decision Making (C-SOFT-01)
856,Executive Communication & Stakeholder Alignment (C-SOFT-02)
857,Critical Thinking & Complex Decision Making (C-SOFT-01)
859,Executive Communication & Stakeholder Alignment (C-SOFT-02)
861,Critical Thinking & Complex Decision Making (C-SOFT-01)
862,Critical Thinking & Complex Decision Making (C-SOFT-01)
864,Executive Communication & Stakeholder Alignment (C-SOFT-02)
865,Critical Thinking & Complex Decision Making (C-SOFT-01)
867,Critical Thinking & Complex Decision Making (C-SOFT-01)
868,Critical Thinking & Complex Decision Making (C-SOFT-01)
869,Executive Communication & Stakeholder Alignment (C-SOFT-02)
872,Critical Thinking & Complex Decision Making (C-SOFT-01)
874,Executive Communication & Stakeholder Alignment (C-SOFT-02)
875,Critical Thinking & Complex Decision Making (C-SOFT-01)
878,Executive Communication & Stakeholder Alignment (C-SOFT-02)
879,Executive Communication & Stakeholder Alignment (C-SOFT-02)
880,Critical Thinking & Complex Decision Making (C-SOFT-01)
881,Applied Machine Learning & Deep Learning (C-TECH-03)
882,Executive Communication & Stakeholder Alignment (C-SOFT-02)
885,Executive Communication & Stakeholder Alignment (C-SOFT-02)
887,Executive Communication & Stakeholder Alignment (C-SOFT-02)
888,Executive Communication & Stakeholder Alignment (C-SOFT-02) + Critical Thinking & Complex Decision Making (C-SOFT-01)
889,Executive Communication & Stakeholder Alignment (C-SOFT-02)
893,Critical Thinking & Complex Decision Making (C-SOFT-01)
894,Critical Thinking & Complex Decision Making (C-SOFT-01)
895,Executive Communication & Stakeholder Alignment (C-SOFT-02)
896,Executive Communication & Stakeholder Alignment (C-SOFT-02) + Critical Thinking & Complex Decision Making (C-SOFT-01)
897,Critical Thinking & Complex Decision Making (C-SOFT-01)
899,Executive Communication & Stakeholder Alignment (C-SOFT-02) + Critical Thinking & Complex Decision Making (C-SOFT-01)
900,Executive Communication & Stakeholder Alignment (C-SOFT-02)
901,Executive Communication & Stakeholder Alignment (C-SOFT-02)
902,Executive Communication & Stakeholder Alignment (C-SOFT-02) + Critical Thinking & Complex Decision Making (C-SOFT-01)
903,Executive Communication & Stakeholder Alignment (C-SOFT-02)
904,Critical Thinking & Complex Decision Making (C-SOFT-01)
905,Critical Thinking & Complex Decision Making (C-SOFT-01)
909,Executive Communication & Stakeholder Alignment (C-SOFT-02)
910,Critical Thinking & Complex Decision Making (C-SOFT-01)
911,Critical Thinking & Complex Decision Making (C-SOFT-01)
912,Critical Thinking & Complex Decision Making (C-SOFT-01)
913,Executive Communication & Stakeholder Alignment (C-SOFT-02)
916,Executive Communication & Stakeholder Alignment (C-SOFT-02)
918,Critical Thinking & Complex Decision Making (C-SOFT-01)
920,Executive Communication & Stakeholder Alignment (C-SOFT-02)
922,Executive Communication & Stakeholder Alignment (C-SOFT-02)
923,Executive Communication & Stakeholder Alignment (C-SOFT-02)
924,Critical Thinking & Complex Decision Making (C-SOFT-01)
925,Critical Thinking & Complex Decision Making (C-SOFT-01)
926,Critical Thinking & Complex Decision Making (C-SOFT-01)
927,Executive Communication & Stakeholder Alignment (C-SOFT-02) + Critical Thinking & Complex Decision Making (C-SOFT-01)
930,Executive Communication & Stakeholder Alignment (C-SOFT-02)
932,Executive Communication & Stakeholder Alignment (C-SOFT-02) + Critical Thinking & Complex Decision Making (C-SOFT-01)
933,Critical Thinking & Complex Decision Making (C-SOFT-01)
934,Critical Thinking & Complex Decision Making (C-SOFT-01)
936,Executive Communication & Stakeholder Alignment (C-SOFT-02)
939,Critical Thinking & Complex Decision Making (C-SOFT-01)
940,Critical Thinking & Complex Decision Making (C-SOFT-01)
941,Critical Thinking & Complex Decision Making (C-SOFT-01)
942,Executive Communication & Stakeholder Alignment (C-SOFT-02)
944,Executive Communication & Stakeholder Alignment (C-SOFT-02)
945,Critical Thinking & Complex Decision Making (C-SOFT-01)
947,Critical Thinking & Complex Decision Making (C-SOFT-01)
949,Executive Communication & Stakeholder Alignment (C-SOFT-02)
950,Critical Thinking & Complex Decision Making (C-SOFT-01)
951,Critical Thinking & Complex Decision Making (C-SOFT-01)
952,Executive Communication & Stakeholder Alignment (C-SOFT-02)
954,Critical Thinking & Complex Decision Making (C-SOFT-01)
956,Executive Communication & Stakeholder Alignment (C-SOFT-02)
957,Critical Thinking & Complex Decision Making (C-SOFT-01)
958,Executive Communication & Stakeholder Alignment (C-SOFT-02)
959,Critical Thinking & Complex Decision Making (C-SOFT-01)
960,Executive Communication & Stakeholder Alignment (C-SOFT-02) + Critical Thinking & Complex Decision Making (C-SOFT-01)
961,Executive Communication & Stakeholder Alignment (C-SOFT-02) + Critical Thinking & Complex Decision Making (C-SOFT-01)
964,Applied Machine Learning & Deep Learning (C-TECH-03)
966,Executive Communication & Stakeholder Alignment (C-SOFT-02)
967,Executive Communication & Stakeholder Alignment (C-SOFT-02)
969,Executive Communication & Stakeholder Alignment (C-SOFT-02)
970,Executive Communication & Stakeholder Alignment (C-SOFT-02)
972,Critical Thinking & Complex Decision Making (C-SOFT-01)
974,Critical Thinking & Complex Decision Making (C-SOFT-01)
975,Critical Thinking & Complex Decision Making (C-SOFT-01)
976,Critical Thinking & Complex Decision Making (C-SOFT-01)
977,Applied Machine Learning & Deep Learning (C-TECH-03)
981,Executive Communication & Stakeholder Alignment (C-SOFT-02)
982,Critical Thinking & Complex Decision Making (C-SOFT-01)
983,Critical Thinking & Complex Decision Making (C-SOFT-01)
984,Executive Communication & Stakeholder Alignment (C-SOFT-02)
985,Executive Communication & Stakeholder Alignment (C-SOFT-02)
986,Critical Thinking & Complex Decision Making (C-SOFT-01)
987,Critical Thinking & Complex Decision Making (C-SOFT-01)
990,Executive Communication & Stakeholder Alignment (C-SOFT-02)
991,Executive Communication & Stakeholder Alignment (C-SOFT-02)
992,Critical Thinking & Complex Decision Making (C-SOFT-01)
994,Critical Thinking & Complex Decision Making (C-SOFT-01)
995,Critical Thinking & Complex Decision Making (C-SOFT-01)
996,Executive Communication & Stakeholder Alignment (C-SOFT-02)
997,Critical Thinking & Complex Decision Making (C-SOFT-01)
998,Executive Communication & Stakeholder Alignment (C-SOFT-02)
999,Critical Thinking & Complex Decision Making (C-SOFT-01)
1001,Executive Communication & Stakeholder Alignment (C-SOFT-02)
1002,Critical Thinking & Complex Decision Making (C-SOFT-01)
1003,Critical Thinking & Complex Decision Making (C-SOFT-01)
1004,Executive Communication & Stakeholder Alignment (C-SOFT-02)
1005,Executive Communication & Stakeholder Alignment (C-SOFT-02)
1006,Critical Thinking & Complex Decision Making (C-SOFT-01)
1007,Critical Thinking & Complex Decision Making (C-SOFT-01)
1009,Critical Thinking & Complex Decision Making (C-SOFT-01)
1010,Executive Communication & Stakeholder Alignment (C-SOFT-02)
1011,Executive Communication & Stakeholder Alignment (C-SOFT-02)
1012,Executive Communication & Stakeholder Alignment (C-SOFT-02)
1013,Critical Thinking & Complex Decision Making (C-SOFT-01)
1014,Executive Communication & Stakeholder Alignment (C-SOFT-02) + Critical Thinking & Complex Decision Making (C-SOFT-01)
1015,Executive Communication & Stakeholder Alignment (C-SOFT-02)
1016,Executive Communication & Stakeholder Alignment (C-SOFT-02)
1017,Critical Thinking & Complex Decision Making (C-SOFT-01)
1018,Critical Thinking & Complex Decision Making (C-SOFT-01)
1019,Critical Thinking & Complex Decision Making (C-SOFT-01)
1022,Critical Thinking & Complex Decision Making (C-SOFT-01)
1024,Executive Communication & Stakeholder Alignment (C-SOFT-02)
1025,Executive Communication & Stakeholder Alignment (C-SOFT-02)
1026,Executive Communication & Stakeholder Alignment (C-SOFT-02)
1027,Critical Thinking & Complex Decision Making (C-SOFT-01)
1028,Executive Communication & Stakeholder Alignment (C-SOFT-02)
1029,Critical Thinking & Complex Decision Making (C-SOFT-01)
1030,Critical Thinking & Complex Decision Making (C-SOFT-01)
1032,Critical Thinking & Complex Decision Making (C-SOFT-01)
1033,Critical Thinking & Complex Decision Making (C-SOFT-01)
1034,Critical Thinking & Complex Decision Making (C-SOFT-01)
1035,Critical Thinking & Complex Decision Making (C-SOFT-01)
1036,Critical Thinking & Complex Decision Making (C-SOFT-01)
1037,Critical Thinking & Complex Decision Making (C-SOFT-01)
1038,Critical Thinking & Complex Decision Making (C-SOFT-01)
1039,Executive Communication & Stakeholder Alignment (C-SOFT-02)
1040,Critical Thinking & Complex Decision Making (C-SOFT-01)
1042,Critical Thinking & Complex Decision Making (C-SOFT-01)
1043,Critical Thinking & Complex Decision Making (C-SOFT-01)
1044,Executive Communication & Stakeholder Alignment (C-SOFT-02)
1045,Executive Communication & Stakeholder Alignment (C-SOFT-02)
1046,Executive Communication & Stakeholder Alignment (C-SOFT-02)
1047,Critical Thinking & Complex Decision Making (C-SOFT-01)
1048,Critical Thinking & Complex Decision Making (C-SOFT-01)
1049,Critical Thinking & Complex Decision Making (C-SOFT-01)
1050,Critical Thinking & Complex Decision Making (C-SOFT-01)
1052,Critical Thinking & Complex Decision Making (C-SOFT-01)
1053,Executive Communication & Stakeholder Alignment (C-SOFT-02)
1055,Executive Communication & Stakeholder Alignment (C-SOFT-02)
1056,Executive Communication & Stakeholder Alignment (C-SOFT-02)
1060,Executive Communication & Stakeholder Alignment (C-SOFT-02)
1061,Executive Communication & Stakeholder Alignment (C-SOFT-02)
1062,Critical Thinking & Complex Decision Making (C-SOFT-01)
1066,Executive Communication & Stakeholder Alignment (C-SOFT-02)
1068,Executive Communication & Stakeholder Alignment (C-SOFT-02)
1069,Critical Thinking & Complex Decision Making (C-SOFT-01)
1070,Critical Thinking & Complex Decision Making (C-SOFT-01)
1071,Critical Thinking & Complex Decision Making (C-SOFT-01)
1073,Critical Thinking & Complex Decision Making (C-SOFT-01)
1074,Critical Thinking & Complex Decision Making (C-SOFT-01)
1076,Critical Thinking & Complex Decision Making (C-SOFT-01)
1077,Critical Thinking & Complex Decision Making (C-SOFT-01)
1079,Critical Thinking & Complex Decision Making (C-SOFT-01)
1080,Applied Machine Learning & Deep Learning (C-TECH-03)
1081,Critical Thinking & Complex Decision Making (C-SOFT-01)
1082,Critical Thinking & Complex Decision Making (C-SOFT-01)
1083,Executive Communication & Stakeholder Alignment (C-SOFT-02) + Critical Thinking & Complex Decision Making (C-SOFT-01)
1084,Executive Communication & Stakeholder Alignment (C-SOFT-02)
1085,Executive Communication & Stakeholder Alignment (C-SOFT-02)
1088,Executive Communication & Stakeholder Alignment (C-SOFT-02)
1092,Critical Thinking & Complex Decision Making (C-SOFT-01)
1094,Critical Thinking & Complex Decision Making (C-SOFT-01)
1096,Executive Communication & Stakeholder Alignment (C-SOFT-02)
1097,Critical Thinking & Complex Decision Making (C-SOFT-01)
1098,Critical Thinking & Complex Decision Making (C-SOFT-01)
1099,Critical Thinking & Complex Decision Making (C-SOFT-01)
1100,Executive Communication & Stakeholder Alignment (C-SOFT-02)
1101,Executive Communication & Stakeholder Alignment (C-SOFT-02)
1102,Executive Communication & Stakeholder Alignment (C-SOFT-02)
1103,Executive Communication & Stakeholder Alignment (C-SOFT-02)
1105,Executive Communication & Stakeholder Alignment (C-SOFT-02)
1106,Executive Communication & Stakeholder Alignment (C-SOFT-02)
1107,Executive Communication & Stakeholder Alignment (C-SOFT-02)
1108,Executive Communication & Stakeholder Alignment (C-SOFT-02)
1109,Executive Communication & Stakeholder Alignment (C-SOFT-02)
1111,Critical Thinking & Complex Decision Making (C-SOFT-01)
1113,Critical Thinking & Complex Decision Making (C-SOFT-01)
1114,Critical Thinking & Complex Decision Making (C-SOFT-01)
1115,Executive Communication & Stakeholder Alignment (C-SOFT-02)
1116,Executive Communication & Stakeholder Alignment (C-SOFT-02)
1117,Executive Communication & Stakeholder Alignment (C-SOFT-02)
1118,Executive Communication & Stakeholder Alignment (C-SOFT-02) + Critical Thinking & Complex Decision Making (C-SOFT-01)
1119,Critical Thinking & Complex Decision Making (C-SOFT-01)
1120,Critical Thinking & Complex Decision Making (C-SOFT-01)
1121,Critical Thinking & Complex Decision Making (C-SOFT-01)
1124,Critical Thinking & Complex Decision Making (C-SOFT-01)
1125,Critical Thinking & Complex Decision Making (C-SOFT-01)
1126,Critical Thinking & Complex Decision Making (C-SOFT-01)
1127,Executive Communication & Stakeholder Alignment (C-SOFT-02) + Critical Thinking & Complex Decision Making (C-SOFT-01)
1128,Critical Thinking & Complex Decision Making (C-SOFT-01)
1131,Executive Communication & Stakeholder Alignment (C-SOFT-02)
1132,Critical Thinking & Complex Decision Making (C-SOFT-01)
1133,Critical Thinking & Complex Decision Making (C-SOFT-01)
1135,Executive Communication & Stakeholder Alignment (C-SOFT-02)
1136,Executive Communication & Stakeholder Alignment (C-SOFT-02)
1137,Critical Thinking & Complex Decision Making (C-SOFT-01)
1138,Critical Thinking & Complex Decision Making (C-SOFT-01)
1140,Critical Thinking & Complex Decision Making (C-SOFT-01)
1143,Critical Thinking & Complex Decision Making (C-SOFT-01)
1148,Critical Thinking & Complex Decision Making (C-SOFT-01)
1150,Executive Communication & Stakeholder Alignment (C-SOFT-02)
1152,Critical Thinking & Complex Decision Making (C-SOFT-01)
1154,Critical Thinking & Complex Decision Making (C-SOFT-01)
1156,Executive Communication & Stakeholder Alignment (C-SOFT-02)
1157,Critical Thinking & Complex Decision Making (C-SOFT-01)
1158,Executive Communication & Stakeholder Alignment (C-SOFT-02)
1160,Critical Thinking & Complex Decision Making (C-SOFT-01)
1161,Executive Communication & Stakeholder Alignment (C-SOFT-02) + Critical Thinking & Complex Decision Making (C-SOFT-01)
1162,Critical Thinking & Complex Decision Making (C-SOFT-01)
1163,Executive Communication & Stakeholder Alignment (C-SOFT-02)
1164,Critical Thinking & Complex Decision Making (C-SOFT-01)
1165,Critical Thinking & Complex Decision Making (C-SOFT-01)
1166,Executive Communication & Stakeholder Alignment (C-SOFT-02)
1167,Executive Communication & Stakeholder Alignment (C-SOFT-02)
1171,Executive Communication & Stakeholder Alignment (C-SOFT-02)
1172,Executive Communication & Stakeholder Alignment (C-SOFT-02)
1173,Executive Communication & Stakeholder Alignment (C-SOFT-02) + Critical Thinking & Complex Decision Making (C-SOFT-01)
1175,Critical Thinking & Complex Decision Making (C-SOFT-01)
1177,Executive Communication & Stakeholder Alignment (C-SOFT-02) + Critical Thinking & Complex Decision Making (C-SOFT-01)
1179,Critical Thinking & Complex Decision Making (C-SOFT-01)
1180,Executive Communication & Stakeholder Alignment (C-SOFT-02)
1182,Critical Thinking & Complex Decision Making (C-SOFT-01)
1184,Executive Communication & Stakeholder Alignment (C-SOFT-02)
1185,Executive Communication & Stakeholder Alignment (C-SOFT-02)
1188,Executive Communication & Stakeholder Alignment (C-SOFT-02)
1190,Executive Communication & Stakeholder Alignment (C-SOFT-02)
1191,Critical Thinking & Complex Decision Making (C-SOFT-01)
1192,Critical Thinking & Complex Decision Making (C-SOFT-01)
1193,Executive Communication & Stakeholder Alignment (C-SOFT-02)
1195,Executive Communication & Stakeholder Alignment (C-SOFT-02)
1196,Critical Thinking & Complex Decision Making (C-SOFT-01)
1198,Critical Thinking & Complex Decision Making (C-SOFT-01)
1200,Executive Communication & Stakeholder Alignment (C-SOFT-02)
1201,Critical Thinking & Complex Decision Making (C-SOFT-01)
1202,Executive Communication & Stakeholder Alignment (C-SOFT-02)
1203,Critical Thinking & Complex Decision Making (C-SOFT-01)
1204,Critical Thinking & Complex Decision Making (C-SOFT-01)
1206,Executive Communication & Stakeholder Alignment (C-SOFT-02)
1207,Executive Communication & Stakeholder Alignment (C-SOFT-02)
1210,Applied Machine Learning & Deep Learning (C-TECH-03)
1211,Executive Communication & Stakeholder Alignment (C-SOFT-02)
1212,Executive Communication & Stakeholder Alignment (C-SOFT-02)
1215,Critical Thinking & Complex Decision Making (C-SOFT-01)
1216,Executive Communication & Stakeholder Alignment (C-SOFT-02)
1217,Executive Communication & Stakeholder Alignment (C-SOFT-02)
1218,Critical Thinking & Complex Decision Making (C-SOFT-01)
1219,Critical Thinking & Complex Decision Making (C-SOFT-01)
1220,Executive Communication & Stakeholder Alignment (C-SOFT-02)
1221,Executive Communication & Stakeholder Alignment (C-SOFT-02)
1224,Executive Communication & Stakeholder Alignment (C-SOFT-02)
1225,Executive Communication & Stakeholder Alignment (C-SOFT-02)
1226,Executive Communication & Stakeholder Alignment (C-SOFT-02)
1228,Executive Communication & Stakeholder Alignment (C-SOFT-02)
1231,Critical Thinking & Complex Decision Making (C-SOFT-01)
1233,Executive Communication & Stakeholder Alignment (C-SOFT-02)
1234,Executive Communication & Stakeholder Alignment (C-SOFT-02)
1235,Applied Machine Learning & Deep Learning (C-TECH-03)
1237,Critical Thinking & Complex Decision Making (C-SOFT-01)
1238,Critical Thinking & Complex Decision Making (C-SOFT-01)
1239,Executive Communication & Stakeholder Alignment (C-SOFT-02)
1240,Critical Thinking & Complex Decision Making (C-SOFT-01)
1241,Critical Thinking & Complex Decision Making (C-SOFT-01)
1242,Critical Thinking & Complex Decision Making (C-SOFT-01)
1243,Executive Communication & Stakeholder Alignment (C-SOFT-02)
1244,Critical Thinking & Complex Decision Making (C-SOFT-01)
1245,Executive Communication & Stakeholder Alignment (C-SOFT-02)
1246,Applied Machine Learning & Deep Learning (C-TECH-03)
1248,Executive Communication & Stakeholder Alignment (C-SOFT-02)
1249,Executive Communication & Stakeholder Alignment (C-SOFT-02)
1250,Critical Thinking & Complex Decision Making (C-SOFT-01)
1251,Critical Thinking & Complex Decision Making (C-SOFT-01)
1252,Critical Thinking & Complex Decision Making (C-SOFT-01)
1254,Critical Thinking & Complex Decision Making (C-SOFT-01)
1255,Executive Communication & Stakeholder Alignment (C-SOFT-02)
1256,Executive Communication & Stakeholder Alignment (C-SOFT-02)
1257,Executive Communication & Stakeholder Alignment (C-SOFT-02)
1258,Critical Thinking & Complex Decision Making (C-SOFT-01)
1259,Critical Thinking & Complex Decision Making (C-SOFT-01)
1260,Executive Communication & Stakeholder Alignment (C-SOFT-02)
1263,Critical Thinking & Complex Decision Making (C-SOFT-01)
1264,Executive Communication & Stakeholder Alignment (C-SOFT-02)
1265,Executive Communication & Stakeholder Alignment (C-SOFT-02)
1267,Executive Communication & Stakeholder Alignment (C-SOFT-02)
1268,Executive Communication & Stakeholder Alignment (C-SOFT-02)
1269,Executive Communication & Stakeholder Alignment (C-SOFT-02)
1270,Executive Communication & Stakeholder Alignment (C-SOFT-02)
1273,Executive Communication & Stakeholder Alignment (C-SOFT-02)
1275,Executive Communication & Stakeholder Alignment (C-SOFT-02)
1277,Critical Thinking & Complex Decision Making (C-SOFT-01)
1278,Executive Communication & Stakeholder Alignment (C-SOFT-02)
1279,Executive Communication & Stakeholder Alignment (C-SOFT-02) + Critical Thinking & Complex Decision Making (C-SOFT-01)
1280,Critical Thinking & Complex Decision Making (C-SOFT-01)
1281,Critical Thinking & Complex Decision Making (C-SOFT-01)
1282,Executive Communication & Stakeholder Alignment (C-SOFT-02)
1283,Executive Communication & Stakeholder Alignment (C-SOFT-02)
1285,Critical Thinking & Complex Decision Making (C-SOFT-01)
1286,Executive Communication & Stakeholder Alignment (C-SOFT-02) + Critical Thinking & Complex Decision Making (C-SOFT-01)
1288,Executive Communication & Stakeholder Alignment (C-SOFT-02)
1289,Executive Communication & Stakeholder Alignment (C-SOFT-02) + Critical Thinking & Complex Decision Making (C-SOFT-01)
1291,Executive Communication & Stakeholder Alignment (C-SOFT-02)
1292,Executive Communication & Stakeholder Alignment (C-SOFT-02)
1293,Executive Communication & Stakeholder Alignment (C-SOFT-02)
1294,Critical Thinking & Complex Decision Making (C-SOFT-01)
1295,Executive Communication & Stakeholder Alignment (C-SOFT-02)
1296,Executive Communication & Stakeholder Alignment (C-SOFT-02)
1297,Critical Thinking & Complex Decision Making (C-SOFT-01)
1298,Critical Thinking & Complex Decision Making (C-SOFT-01)
1299,Critical Thinking & Complex Decision Making (C-SOFT-01)
1301,Critical Thinking & Complex Decision Making (C-SOFT-01)
1303,Critical Thinking & Complex Decision Making (C-SOFT-01)
1304,Executive Communication & Stakeholder Alignment (C-SOFT-02)
1306,Critical Thinking & Complex Decision Making (C-SOFT-01)
1307,Critical Thinking & Complex Decision Making (C-SOFT-01)
1308,Executive Communication & Stakeholder Alignment (C-SOFT-02)
1309,Executive Communication & Stakeholder Alignment (C-SOFT-02)
1310,Critical Thinking & Complex Decision Making (C-SOFT-01)
1311,Critical Thinking & Complex Decision Making (C-SOFT-01)
1312,Executive Communication & Stakeholder Alignment (C-SOFT-02)
1314,Executive Communication & Stakeholder Alignment (C-SOFT-02)
1315,Critical Thinking & Complex Decision Making (C-SOFT-01)
1317,Executive Communication & Stakeholder Alignment (C-SOFT-02)
1318,Critical Thinking & Complex Decision Making (C-SOFT-01)
1319,Critical Thinking & Complex Decision Making (C-SOFT-01)
1321,Critical Thinking & Complex Decision Making (C-SOFT-01)
1322,Executive Communication & Stakeholder Alignment (C-SOFT-02)
1324,Critical Thinking & Complex Decision Making (C-SOFT-01)
1329,Critical Thinking & Complex Decision Making (C-SOFT-01)
1331,Critical Thinking & Complex Decision Making (C-SOFT-01)
1333,Critical Thinking & Complex Decision Making (C-SOFT-01)
1334,Critical Thinking & Complex Decision Making (C-SOFT-01)
1336,Critical Thinking & Complex Decision Making (C-SOFT-01)
1338,Executive Communication & Stakeholder Alignment (C-SOFT-02)
1340,Executive Communication & Stakeholder Alignment (C-SOFT-02)
1344,Critical Thinking & Complex Decision Making (C-SOFT-01)
1346,Critical Thinking & Complex Decision Making (C-SOFT-01)
1349,Executive Communication & Stakeholder Alignment (C-SOFT-02)
1350,Executive Communication & Stakeholder Alignment (C-SOFT-02)
1352,Critical Thinking & Complex Decision Making (C-SOFT-01)
1355,Executive Communication & Stakeholder Alignment (C-SOFT-02)
1356,Critical Thinking & Complex Decision Making (C-SOFT-01)
1358,Executive Communication & Stakeholder Alignment (C-SOFT-02)
1360,Critical Thinking & Complex Decision Making (C-SOFT-01)
1361,Executive Communication & Stakeholder Alignment (C-SOFT-02)
1362,Executive Communication & Stakeholder Alignment (C-SOFT-02)
1363,Executive Communication & Stakeholder Alignment (C-SOFT-02)
1364,Critical Thinking & Complex Decision Making (C-SOFT-01)
1367,Critical Thinking & Complex Decision Making (C-SOFT-01)
1368,Executive Communication & Stakeholder Alignment (C-SOFT-02)
1369,Critical Thinking & Complex Decision Making (C-SOFT-01)
1371,Critical Thinking & Complex Decision Making (C-SOFT-01)
1372,Critical Thinking & Complex Decision Making (C-SOFT-01)
1373,Critical Thinking & Complex Decision Making (C-SOFT-01)
1374,Critical Thinking & Complex Decision Making (C-SOFT-01)
1375,Executive Communication & Stakeholder Alignment (C-SOFT-02)
1377,Executive Communication & Stakeholder Alignment (C-SOFT-02)
1379,Critical Thinking & Complex Decision Making (C-SOFT-01)
1380,Executive Communication & Stakeholder Alignment (C-SOFT-02)
1382,Critical Thinking & Complex Decision Making (C-SOFT-01)
1383,Executive Communication & Stakeholder Alignment (C-SOFT-02)
1387,Critical Thinking & Complex Decision Making (C-SOFT-01)
1389,Executive Communication & Stakeholder Alignment (C-SOFT-02)
1390,Executive Communication & Stakeholder Alignment (C-SOFT-02)
1391,Critical Thinking & Complex Decision Making (C-SOFT-01)
1392,Executive Communication & Stakeholder Alignment (C-SOFT-02)
1394,Critical Thinking & Complex Decision Making (C-SOFT-01)
1395,Executive Communication & Stakeholder Alignment (C-SOFT-02)
1396,Executive Communication & Stakeholder Alignment (C-SOFT-02)
1397,Critical Thinking & Complex Decision Making (C-SOFT-01)
1399,Critical Thinking & Complex Decision Making (C-SOFT-01)
1401,Critical Thinking & Complex Decision Making (C-SOFT-01)
1402,Executive Communication & Stakeholder Alignment (C-SOFT-02)
1403,Executive Communication & Stakeholder Alignment (C-SOFT-02)
1405,Executive Communication & Stakeholder Alignment (C-SOFT-02)
1407,Critical Thinking & Complex Decision Making (C-SOFT-01)
1408,Critical Thinking & Complex Decision Making (C-SOFT-01)
1409,Executive Communication & Stakeholder Alignment (C-SOFT-02)
1411,Executive Communication & Stakeholder Alignment (C-SOFT-02)
1412,Executive Communication & Stakeholder Alignment (C-SOFT-02)
1415,Critical Thinking & Complex Decision Making (C-SOFT-01)
1417,Executive Communication & Stakeholder Alignment (C-SOFT-02)
1419,Critical Thinking & Complex Decision Making (C-SOFT-01)
1420,Executive Communication & Stakeholder Alignment (C-SOFT-02)
1421,Executive Communication & Stakeholder Alignment (C-SOFT-02) + Critical Thinking & Complex Decision Making (C-SOFT-01)
1422,Executive Communication & Stakeholder Alignment (C-SOFT-02) + Critical Thinking & Complex Decision Making (C-SOFT-01)
1423,Executive Communication & Stakeholder Alignment (C-SOFT-02)
1424,Executive Communication & Stakeholder Alignment (C-SOFT-02)
1425,Executive Communication & Stakeholder Alignment (C-SOFT-02) + Critical Thinking & Complex Decision Making (C-SOFT-01)
1427,Critical Thinking & Complex Decision Making (C-SOFT-01)
1428,Executive Communication & Stakeholder Alignment (C-SOFT-02)
1430,Critical Thinking & Complex Decision Making (C-SOFT-01)
1431,Executive Communication & Stakeholder Alignment (C-SOFT-02)
1433,Executive Communication & Stakeholder Alignment (C-SOFT-02)
1434,Executive Communication & Stakeholder Alignment (C-SOFT-02) + Critical Thinking & Complex Decision Making (C-SOFT-01)
1435,Executive Communication & Stakeholder Alignment (C-SOFT-02) + Critical Thinking & Complex Decision Making (C-SOFT-01)
1436,Critical Thinking & Complex Decision Making (C-SOFT-01)
1438,Executive Communication & Stakeholder Alignment (C-SOFT-02)
1439,Critical Thinking & Complex Decision Making (C-SOFT-01)
1440,Executive Communication & Stakeholder Alignment (C-SOFT-02)
1441,Executive Communication & Stakeholder Alignment (C-SOFT-02)
1443,Critical Thinking & Complex Decision Making (C-SOFT-01)
1445,Critical Thinking & Complex Decision Making (C-SOFT-01)
1446,Executive Communication & Stakeholder Alignment (C-SOFT-02)
1447,Critical Thinking & Complex Decision Making (C-SOFT-01)
1448,Executive Communication & Stakeholder Alignment (C-SOFT-02)
1449,Executive Communication & Stakeholder Alignment (C-SOFT-02)
1453,Executive Communication & Stakeholder Alignment (C-SOFT-02)
1457,Critical Thinking & Complex Decision Making (C-SOFT-01)
1458,Critical Thinking & Complex Decision Making (C-SOFT-01)
1459,Critical Thinking & Complex Decision Making (C-SOFT-01)
1460,Executive Communication & Stakeholder Alignment (C-SOFT-02)
1461,Executive Communication & Stakeholder Alignment (C-SOFT-02)
1464,Critical Thinking & Complex Decision Making (C-SOFT-01)
1465,Critical Thinking & Complex Decision Making (C-SOFT-01)
1466,Critical Thinking & Complex Decision Making (C-SOFT-01)
1467,Executive Communication & Stakeholder Alignment (C-SOFT-02)
1468,Critical Thinking & Complex Decision Making (C-SOFT-01)
1469,Critical Thinking & Complex Decision Making (C-SOFT-01)
1471,Executive Communication & Stakeholder Alignment (C-SOFT-02) + Critical Thinking & Complex Decision Making (C-SOFT-01)
1472,Executive Communication & Stakeholder Alignment (C-SOFT-02)
1473,Executive Communication & Stakeholder Alignment (C-SOFT-02)
1474,Critical Thinking & Complex Decision Making (C-SOFT-01)
1475,Critical Thinking & Complex Decision Making (C-SOFT-01)
1477,Executive Communication & Stakeholder Alignment (C-SOFT-02)
1478,Executive Communication & Stakeholder Alignment (C-SOFT-02)
1479,Critical Thinking & Complex Decision Making (C-SOFT-01)
1480,Executive Communication & Stakeholder Alignment (C-SOFT-02)
1481,Critical Thinking & Complex Decision Making (C-SOFT-01)
1482,Critical Thinking & Complex Decision Making (C-SOFT-01)
1483,Applied Machine Learning & Deep Learning (C-TECH-03)
1484,Critical Thinking & Complex Decision Making (C-SOFT-01)
1485,Executive Communication & Stakeholder Alignment (C-SOFT-02) + Critical Thinking & Complex Decision Making (C-SOFT-01)
1486,Executive Communication & Stakeholder Alignment (C-SOFT-02)
1487,Executive Communication & Stakeholder Alignment (C-SOFT-02)
1489,Critical Thinking & Complex Decision Making (C-SOFT-01)
1492,Executive Communication & Stakeholder Alignment (C-SOFT-02)
1494,Executive Communication & Stakeholder Alignment (C-SOFT-02)
1495,Executive Communication & Stakeholder Alignment (C-SOFT-02)
1496,Executive Communication & Stakeholder Alignment (C-SOFT-02)
1497,Critical Thinking & Complex Decision Making (C-SOFT-01)
1499,Executive Communication & Stakeholder Alignment (C-SOFT-02)
1501,Critical Thinking & Complex Decision Making (C-SOFT-01)
1502,Executive Communication & Stakeholder Alignment (C-SOFT-02)
1503,Executive Communication & Stakeholder Alignment (C-SOFT-02)
1504,Executive Communication & Stakeholder Alignment (C-SOFT-02) + Critical Thinking & Complex Decision Making (C-SOFT-01)
1506,Critical Thinking & Complex Decision Making (C-SOFT-01)
1507,Executive Communication & Stakeholder Alignment (C-SOFT-02)
1509,Critical Thinking & Complex Decision Making (C-SOFT-01)
1513,Critical Thinking & Complex Decision Making (C-SOFT-01)
1514,Executive Communication & Stakeholder Alignment (C-SOFT-02)
1515,Executive Communication & Stakeholder Alignment (C-SOFT-02) + Critical Thinking & Complex Decision Making (C-SOFT-01)
1516,Executive Communication & Stakeholder Alignment (C-SOFT-02)
1520,Critical Thinking & Complex Decision Making (C-SOFT-01)
1522,Executive Communication & Stakeholder Alignment (C-SOFT-02)
1523,Executive Communication & Stakeholder Alignment (C-SOFT-02)
1525,Executive Communication & Stakeholder Alignment (C-SOFT-02)
1527,Critical Thinking & Complex Decision Making (C-SOFT-01)
1529,Critical Thinking & Complex Decision Making (C-SOFT-01)
1533,Executive Communication & Stakeholder Alignment (C-SOFT-02)
1534,Executive Communication & Stakeholder Alignment (C-SOFT-02)
1535,Critical Thinking & Complex Decision Making (C-SOFT-01)
1537,Executive Communication & Stakeholder Alignment (C-SOFT-02) + Applied Machine Learning & Deep Learning (C-TECH-03)
1539,Critical Thinking & Complex Decision Making (C-SOFT-01)
1541,Critical Thinking & Complex Decision Making (C-SOFT-01)
1542,Critical Thinking & Complex Decision Making (C-SOFT-01)
1543,Executive Communication & Stakeholder Alignment (C-SOFT-02)
1544,Critical Thinking & Complex Decision Making (C-SOFT-01)
1545,Critical Thinking & Complex Decision Making (C-SOFT-01)
1546,Executive Communication & Stakeholder Alignment (C-SOFT-02)
1547,Critical Thinking & Complex Decision Making (C-SOFT-01)
1548,Critical Thinking & Complex Decision Making (C-SOFT-01)
1549,Critical Thinking & Complex Decision Making (C-SOFT-01)
1550,Critical Thinking & Complex Decision Making (C-SOFT-01)
1551,Critical Thinking & Complex Decision Making (C-SOFT-01)
1552,Critical Thinking & Complex Decision Making (C-SOFT-01)
1553,Critical Thinking & Complex Decision Making (C-SOFT-01)
1554,Executive Communication & Stakeholder Alignment (C-SOFT-02)
1555,Executive Communication & Stakeholder Alignment (C-SOFT-02)
1556,Executive Communication & Stakeholder Alignment (C-SOFT-02)
1557,Critical Thinking & Complex Decision Making (C-SOFT-01)
1558,Critical Thinking & Complex Decision Making (C-SOFT-01)
1560,Executive Communication & Stakeholder Alignment (C-SOFT-02)
1562,Executive Communication & Stakeholder Alignment (C-SOFT-02)
1563,Executive Communication & Stakeholder Alignment (C-SOFT-02)
1564,Critical Thinking & Complex Decision Making (C-SOFT-01)
1568,Executive Communication & Stakeholder Alignment (C-SOFT-02)
1569,Executive Communication & Stakeholder Alignment (C-SOFT-02)
1572,Critical Thinking & Complex Decision Making (C-SOFT-01)
1573,Executive Communication & Stakeholder Alignment (C-SOFT-02)
1574,Executive Communication & Stakeholder Alignment (C-SOFT-02)
1576,Critical Thinking & Complex Decision Making (C-SOFT-01)
1577,Critical Thinking & Complex Decision Making (C-SOFT-01)
1578,Critical Thinking & Complex Decision Making (C-SOFT-01)
1580,Executive Communication & Stakeholder Alignment (C-SOFT-02)
1581,Critical Thinking & Complex Decision Making (C-SOFT-01)
1582,Executive Communication & Stakeholder Alignment (C-SOFT-02)
1583,Executive Communication & Stakeholder Alignment (C-SOFT-02)
1585,Executive Communication & Stakeholder Alignment (C-SOFT-02)
1586,Critical Thinking & Complex Decision Making (C-SOFT-01)
1587,Critical Thinking & Complex Decision Making (C-SOFT-01)
1588,Critical Thinking & Complex Decision Making (C-SOFT-01)
1590,Executive Communication & Stakeholder Alignment (C-SOFT-02)
1591,Critical Thinking & Complex Decision Making (C-SOFT-01)
1592,Critical Thinking & Complex Decision Making (C-SOFT-01)
1594,Critical Thinking & Complex Decision Making (C-SOFT-01)
1595,Executive Communication & Stakeholder Alignment (C-SOFT-02)
1596,Executive Communication & Stakeholder Alignment (C-SOFT-02) + Critical Thinking & Complex Decision Making (C-SOFT-01)
1597,Executive Communication & Stakeholder Alignment (C-SOFT-02)
1598,Executive Communication & Stakeholder Alignment (C-SOFT-02)
1599,Executive Communication & Stakeholder Alignment (C-SOFT-02)
1601,Critical Thinking & Complex Decision Making (C-SOFT-01)
1602,Critical Thinking & Complex Decision Making (C-SOFT-01)
1604,Executive Communication & Stakeholder Alignment (C-SOFT-02)
1605,Executive Communication & Stakeholder Alignment (C-SOFT-02)
1606,Critical Thinking & Complex Decision Making (C-SOFT-01)
1607,Critical Thinking & Complex Decision Making (C-SOFT-01)
1608,Critical Thinking & Complex Decision Making (C-SOFT-01)
1609,Critical Thinking & Complex Decision Making (C-SOFT-01)
1611,Critical Thinking & Complex Decision Making (C-SOFT-01)
1612,Executive Communication & Stakeholder Alignment (C-SOFT-02)
1613,Executive Communication & Stakeholder Alignment (C-SOFT-02)
1614,Executive Communication & Stakeholder Alignment (C-SOFT-02)
1615,Executive Communication & Stakeholder Alignment (C-SOFT-02)
1617,Critical Thinking & Complex Decision Making (C-SOFT-01)
1618,Executive Communication & Stakeholder Alignment (C-SOFT-02)
1619,Executive Communication & Stakeholder Alignment (C-SOFT-02)
1621,Executive Communication & Stakeholder Alignment (C-SOFT-02)
1622,Executive Communication & Stakeholder Alignment (C-SOFT-02)
1623,Critical Thinking & Complex Decision Making (C-SOFT-01)
1624,Executive Communication & Stakeholder Alignment (C-SOFT-02)
1625,Critical Thinking & Complex Decision Making (C-SOFT-01)
1627,Critical Thinking & Complex Decision Making (C-SOFT-01)
1628,Executive Communication & Stakeholder Alignment (C-SOFT-02)
1630,Critical Thinking & Complex Decision Making (C-SOFT-01)
1631,Executive Communication & Stakeholder Alignment (C-SOFT-02)
1633,Executive Communication & Stakeholder Alignment (C-SOFT-02)
1635,Critical Thinking & Complex Decision Making (C-SOFT-01)
1638,Executive Communication & Stakeholder Alignment (C-SOFT-02)
1639,Critical Thinking & Complex Decision Making (C-SOFT-01)
1640,Executive Communication & Stakeholder Alignment (C-SOFT-02)
1641,Critical Thinking & Complex Decision Making (C-SOFT-01)
1642,Executive Communication & Stakeholder Alignment (C-SOFT-02)
1644,Critical Thinking & Complex Decision Making (C-SOFT-01)
1645,Executive Communication & Stakeholder Alignment (C-SOFT-02)
1646,Critical Thinking & Complex Decision Making (C-SOFT-01)
1647,Executive Communication & Stakeholder Alignment (C-SOFT-02)
1648,Executive Communication & Stakeholder Alignment (C-SOFT-02)
1649,Executive Communication & Stakeholder Alignment (C-SOFT-02)
1650,Executive Communication & Stakeholder Alignment (C-SOFT-02)
1651,Executive Communication & Stakeholder Alignment (C-SOFT-02)
1653,Critical Thinking & Complex Decision Making (C-SOFT-01)
1654,Executive Communication & Stakeholder Alignment (C-SOFT-02)
1655,Critical Thinking & Complex Decision Making (C-SOFT-01)
1656,Critical Thinking & Complex Decision Making (C-SOFT-01)
1657,Critical Thinking & Complex Decision Making (C-SOFT-01)
1658,Executive Communication & Stakeholder Alignment (C-SOFT-02)
1659,Executive Communication & Stakeholder Alignment (C-SOFT-02) + Critical Thinking & Complex Decision Making (C-SOFT-01)
1661,Executive Communication & Stakeholder Alignment (C-SOFT-02)
1662,Critical Thinking & Complex Decision Making (C-SOFT-01)
1664,Executive Communication & Stakeholder Alignment (C-SOFT-02) + Critical Thinking & Complex Decision Making (C-SOFT-01)
1665,Critical Thinking & Complex Decision Making (C-SOFT-01)
1666,Critical Thinking & Complex Decision Making (C-SOFT-01)
1667,Critical Thinking & Complex Decision Making (C-SOFT-01)
1668,Critical Thinking & Complex Decision Making (C-SOFT-01) + Production MLOps & Model Deployment (C-TECH-04)
1669,Executive Communication & Stakeholder Alignment (C-SOFT-02)
1670,Executive Communication & Stakeholder Alignment (C-SOFT-02)
1671,Critical Thinking & Complex Decision Making (C-SOFT-01)
1673,Critical Thinking & Complex Decision Making (C-SOFT-01)
1674,Critical Thinking & Complex Decision Making (C-SOFT-01)
1675,Critical Thinking & Complex Decision Making (C-SOFT-01)
1676,Executive Communication & Stakeholder Alignment (C-SOFT-02)
1677,Critical Thinking & Complex Decision Making (C-SOFT-01)
1678,Critical Thinking & Complex Decision Making (C-SOFT-01)
1680,Executive Communication & Stakeholder Alignment (C-SOFT-02)
1681,Executive Communication & Stakeholder Alignment (C-SOFT-02)
1682,Executive Communication & Stakeholder Alignment (C-SOFT-02)
1683,Critical Thinking & Complex Decision Making (C-SOFT-01)
1684,Executive Communication & Stakeholder Alignment (C-SOFT-02)
1687,Critical Thinking & Complex Decision Making (C-SOFT-01)
1689,Critical Thinking & Complex Decision Making (C-SOFT-01)
1691,Critical Thinking & Complex Decision Making (C-SOFT-01)
1692,Executive Communication & Stakeholder Alignment (C-SOFT-02)
1693,Critical Thinking & Complex Decision Making (C-SOFT-01)
1694,Executive Communication & Stakeholder Alignment (C-SOFT-02)
1696,Critical Thinking & Complex Decision Making (C-SOFT-01)
1697,Executive Communication & Stakeholder Alignment (C-SOFT-02)
1698,Critical Thinking & Complex Decision Making (C-SOFT-01)
1700,Critical Thinking & Complex Decision Making (C-SOFT-01)
1701,Executive Communication & Stakeholder Alignment (C-SOFT-02)
1702,Executive Communication & Stakeholder Alignment (C-SOFT-02)
1703,Executive Communication & Stakeholder Alignment (C-SOFT-02)
1704,Executive Communication & Stakeholder Alignment (C-SOFT-02)
1706,Critical Thinking & Complex Decision Making (C-SOFT-01)
1707,Critical Thinking & Complex Decision Making (C-SOFT-01)
1708,Critical Thinking & Complex Decision Making (C-SOFT-01)
1709,Executive Communication & Stakeholder Alignment (C-SOFT-02)
1710,Critical Thinking & Complex Decision Making (C-SOFT-01)
1712,Executive Communication & Stakeholder Alignment (C-SOFT-02)
1714,Executive Communication & Stakeholder Alignment (C-SOFT-02)
1716,Executive Communication & Stakeholder Alignment (C-SOFT-02)
1718,Executive Communication & Stakeholder Alignment (C-SOFT-02)
1719,Executive Communication & Stakeholder Alignment (C-SOFT-02)
1720,Critical Thinking & Complex Decision Making (C-SOFT-01)
1721,Executive Communication & Stakeholder Alignment (C-SOFT-02) + Critical Thinking & Complex Decision Making (C-SOFT-01)
1722,Executive Communication & Stakeholder Alignment (C-SOFT-02)
1724,Critical Thinking & Complex Decision Making (C-SOFT-01)
1725,Executive Communication & Stakeholder Alignment (C-SOFT-02) + Critical Thinking & Complex Decision Making (C-SOFT-01)
1727,Executive Communication & Stakeholder Alignment (C-SOFT-02) + Critical Thinking & Complex Decision Making (C-SOFT-01)
1728,Executive Communication & Stakeholder Alignment (C-SOFT-02)
1729,Critical Thinking & Complex Decision Making (C-SOFT-01)
1731,Critical Thinking & Complex Decision Making (C-SOFT-01)
1732,Executive Communication & Stakeholder Alignment (C-SOFT-02)
1733,Critical Thinking & Complex Decision Making (C-SOFT-01)
1734,Executive Communication & Stakeholder Alignment (C-SOFT-02)
1735,Executive Communication & Stakeholder Alignment (C-SOFT-02) + Critical Thinking & Complex Decision Making (C-SOFT-01)
1736,Critical Thinking & Complex Decision Making (C-SOFT-01)
1737,Critical Thinking & Complex Decision Making (C-SOFT-01)
1739,Executive Communication & Stakeholder Alignment (C-SOFT-02)
1740,Critical Thinking & Complex Decision Making (C-SOFT-01)
1744,Critical Thinking & Complex Decision Making (C-SOFT-01)
1745,Critical Thinking & Complex Decision Making (C-SOFT-01)
1746,Executive Communication & Stakeholder Alignment (C-SOFT-02)
1747,Critical Thinking & Complex Decision Making (C-SOFT-01)
1749,Executive Communication & Stakeholder Alignment (C-SOFT-02)
1751,Critical Thinking & Complex Decision Making (C-SOFT-01)
1752,Critical Thinking & Complex Decision Making (C-SOFT-01)
1753,Critical Thinking & Complex Decision Making (C-SOFT-01)
1754,Critical Thinking & Complex Decision Making (C-SOFT-01)
1755,Executive Communication & Stakeholder Alignment (C-SOFT-02)
1756,Critical Thinking & Complex Decision Making (C-SOFT-01)
1757,Executive Communication & Stakeholder Alignment (C-SOFT-02)
1758,Critical Thinking & Complex Decision Making (C-SOFT-01)
1760,Executive Communication & Stakeholder Alignment (C-SOFT-02) + Critical Thinking & Complex Decision Making (C-SOFT-01)
1761,Executive Communication & Stakeholder Alignment (C-SOFT-02)
1762,Executive Communication & Stakeholder Alignment (C-SOFT-02)
1763,Executive Communication & Stakeholder Alignment (C-SOFT-02)
1764,Critical Thinking & Complex Decision Making (C-SOFT-01)
1766,Critical Thinking & Complex Decision Making (C-SOFT-01)
1767,Executive Communication & Stakeholder Alignment (C-SOFT-02)
1768,Executive Communication & Stakeholder Alignment (C-SOFT-02)
1770,Executive Communication & Stakeholder Alignment (C-SOFT-02) + Critical Thinking & Complex Decision Making (C-SOFT-01)
1771,Executive Communication & Stakeholder Alignment (C-SOFT-02)
1772,Critical Thinking & Complex Decision Making (C-SOFT-01)
1774,Critical Thinking & Complex Decision Making (C-SOFT-01)
1775,Critical Thinking & Complex Decision Making (C-SOFT-01)
1778,Executive Communication & Stakeholder Alignment (C-SOFT-02)
1779,Executive Communication & Stakeholder Alignment (C-SOFT-02)
1780,Executive Communication & Stakeholder Alignment (C-SOFT-02)
1782,Critical Thinking & Complex Decision Making (C-SOFT-01)
1783,Critical Thinking & Complex Decision Making (C-SOFT-01)
1784,Critical Thinking & Complex Decision Making (C-SOFT-01)
1786,Critical Thinking & Complex Decision Making (C-SOFT-01)
1787,Executive Communication & Stakeholder Alignment (C-SOFT-02)
1789,Critical Thinking & Complex Decision Making (C-SOFT-01)
1790,Executive Communication & Stakeholder Alignment (C-SOFT-02)
1792,Executive Communication & Stakeholder Alignment (C-SOFT-02)
1794,Executive Communication & Stakeholder Alignment (C-SOFT-02)
1797,Critical Thinking & Complex Decision Making (C-SOFT-01)
1798,Applied Machine Learning & Deep Learning (C-TECH-03)
1799,Executive Communication & Stakeholder Alignment (C-SOFT-02)
1800,Critical Thinking & Complex Decision Making (C-SOFT-01)
1801,Critical Thinking & Complex Decision Making (C-SOFT-01)
1802,Executive Communication & Stakeholder Alignment (C-SOFT-02) + Critical Thinking & Complex Decision Making (C-SOFT-01)
1803,Critical Thinking & Complex Decision Making (C-SOFT-01)
1804,Critical Thinking & Complex Decision Making (C-SOFT-01)
1805,Critical Thinking & Complex Decision Making (C-SOFT-01)
1807,Critical Thinking & Complex Decision Making (C-SOFT-01)
1809,Executive Communication & Stakeholder Alignment (C-SOFT-02)
1812,Executive Communication & Stakeholder Alignment (C-SOFT-02)
1813,Critical Thinking & Complex Decision Making (C-SOFT-01)
1814,Executive Communication & Stakeholder Alignment (C-SOFT-02) + Critical Thinking & Complex Decision Making (C-SOFT-01)
1815,Critical Thinking & Complex Decision Making (C-SOFT-01)
1816,Critical Thinking & Complex Decision Making (C-SOFT-01)
1818,Executive Communication & Stakeholder Alignment (C-SOFT-02)
1821,Critical Thinking & Complex Decision Making (C-SOFT-01)
1822,Critical Thinking & Complex Decision Making (C-SOFT-01)
1823,Executive Communication & Stakeholder Alignment (C-SOFT-02)
1824,Critical Thinking & Complex Decision Making (C-SOFT-01)
1826,Critical Thinking & Complex Decision Making (C-SOFT-01)
1827,Executive Communication & Stakeholder Alignment (C-SOFT-02)
1829,Executive Communication & Stakeholder Alignment (C-SOFT-02)
1830,Critical Thinking & Complex Decision Making (C-SOFT-01)
1833,Critical Thinking & Complex Decision Making (C-SOFT-01)
1834,Executive Communication & Stakeholder Alignment (C-SOFT-02)
1835,Executive Communication & Stakeholder Alignment (C-SOFT-02)
1836,Executive Communication & Stakeholder Alignment (C-SOFT-02)
1837,Critical Thinking & Complex Decision Making (C-SOFT-01)
1839,Executive Communication & Stakeholder Alignment (C-SOFT-02)
1842,Executive Communication & Stakeholder Alignment (C-SOFT-02)
1844,Critical Thinking & Complex Decision Making (C-SOFT-01)
1845,Executive Communication & Stakeholder Alignment (C-SOFT-02)
1847,Executive Communication & Stakeholder Alignment (C-SOFT-02)
1849,Critical Thinking & Complex Decision Making (C-SOFT-01)
1850,Executive Communication & Stakeholder Alignment (C-SOFT-02)
1852,Critical Thinking & Complex Decision Making (C-SOFT-01)
1853,Executive Communication & Stakeholder Alignment (C-SOFT-02)
1854,Executive Communication & Stakeholder Alignment (C-SOFT-02)
1856,Critical Thinking & Complex Decision Making (C-SOFT-01)
1857,Critical Thinking & Complex Decision Making (C-SOFT-01)
1858,Critical Thinking & Complex Decision Making (C-SOFT-01)
1859,Executive Communication & Stakeholder Alignment (C-SOFT-02) + Critical Thinking & Complex Decision Making (C-SOFT-01)
1860,Critical Thinking & Complex Decision Making (C-SOFT-01)
1862,Executive Communication & Stakeholder Alignment (C-SOFT-02)
1863,Critical Thinking & Complex Decision Making (C-SOFT-01)
1864,Critical Thinking & Complex Decision Making (C-SOFT-01)
1865,Executive Communication & Stakeholder Alignment (C-SOFT-02)
1866,Executive Communication & Stakeholder Alignment (C-SOFT-02)
1867,Critical Thinking & Complex Decision Making (C-SOFT-01)
1868,Critical Thinking & Complex Decision Making (C-SOFT-01)
1869,Critical Thinking & Complex Decision Making (C-SOFT-01)
1870,Critical Thinking & Complex Decision Making (C-SOFT-01)
1871,Executive Communication & Stakeholder Alignment (C-SOFT-02)
1873,Critical Thinking & Complex Decision Making (C-SOFT-01)
1875,Executive Communication & Stakeholder Alignment (C-SOFT-02)
1876,Executive Communication & Stakeholder Alignment (C-SOFT-02)
1878,Executive Communication & Stakeholder Alignment (C-SOFT-02)
1880,Critical Thinking & Complex Decision Making (C-SOFT-01)
1881,Executive Communication & Stakeholder Alignment (C-SOFT-02)
1882,Executive Communication & Stakeholder Alignment (C-SOFT-02)
1883,Critical Thinking & Complex Decision Making (C-SOFT-01)
1885,Executive Communication & Stakeholder Alignment (C-SOFT-02)
1886,Executive Communication & Stakeholder Alignment (C-SOFT-02)
1888,Critical Thinking & Complex Decision Making (C-SOFT-01)
1890,Critical Thinking & Complex Decision Making (C-SOFT-01)
1892,Critical Thinking & Complex Decision Making (C-SOFT-01)
1893,Executive Communication & Stakeholder Alignment (C-SOFT-02)
1898,Executive Communication & Stakeholder Alignment (C-SOFT-02)
1900,Executive Communication & Stakeholder Alignment (C-SOFT-02)
1903,Critical Thinking & Complex Decision Making (C-SOFT-01)
1905,Executive Communication & Stakeholder Alignment (C-SOFT-02)
1907,Executive Communication & Stakeholder Alignment (C-SOFT-02)
1908,Critical Thinking & Complex Decision Making (C-SOFT-01)
1909,Critical Thinking & Complex Decision Making (C-SOFT-01)
1911,Executive Communication & Stakeholder Alignment (C-SOFT-02) + Critical Thinking & Complex Decision Making (C-SOFT-01)
1912,Executive Communication & Stakeholder Alignment (C-SOFT-02)
1915,Executive Communication & Stakeholder Alignment (C-SOFT-02)
1916,Executive Communication & Stakeholder Alignment (C-SOFT-02) + Critical Thinking & Complex Decision Making (C-SOFT-01)
1918,Executive Communication & Stakeholder Alignment (C-SOFT-02) + Critical Thinking & Complex Decision Making (C-SOFT-01)
1922,Critical Thinking & Complex Decision Making (C-SOFT-01)
1924,Critical Thinking & Complex Decision Making (C-SOFT-01)
1927,Critical Thinking & Complex Decision Making (C-SOFT-01)
1928,Executive Communication & Stakeholder Alignment (C-SOFT-02)
1929,Critical Thinking & Complex Decision Making (C-SOFT-01)
1931,Executive Communication & Stakeholder Alignment (C-SOFT-02)
1932,Executive Communication & Stakeholder Alignment (C-SOFT-02)
1933,Critical Thinking & Complex Decision Making (C-SOFT-01)
1934,Applied Machine Learning & Deep Learning (C-TECH-03)
1935,Executive Communication & Stakeholder Alignment (C-SOFT-02)
1936,Executive Communication & Stakeholder Alignment (C-SOFT-02)
1937,Critical Thinking & Complex Decision Making (C-SOFT-01)
1938,Critical Thinking & Complex Decision Making (C-SOFT-01)
1939,Executive Communication & Stakeholder Alignment (C-SOFT-02)
1940,Critical Thinking & Complex Decision Making (C-SOFT-01)
1941,Critical Thinking & Complex Decision Making (C-SOFT-01)
1943,Executive Communication & Stakeholder Alignment (C-SOFT-02)
1944,Executive Communication & Stakeholder Alignment (C-SOFT-02)
1945,Executive Communication & Stakeholder Alignment (C-SOFT-02)
1947,Critical Thinking & Complex Decision Making (C-SOFT-01)
1948,Critical Thinking & Complex Decision Making (C-SOFT-01)
1949,Executive Communication & Stakeholder Alignment (C-SOFT-02)
1950,Critical Thinking & Complex Decision Making (C-SOFT-01)
1951,Critical Thinking & Complex Decision Making (C-SOFT-01)
1952,Executive Communication & Stakeholder Alignment (C-SOFT-02)
1954,Executive Communication & Stakeholder Alignment (C-SOFT-02)
1955,Executive Communication & Stakeholder Alignment (C-SOFT-02)
1956,Executive Communication & Stakeholder Alignment (C-SOFT-02)
1960,Executive Communication & Stakeholder Alignment (C-SOFT-02)
1961,Critical Thinking & Complex Decision Making (C-SOFT-01)
1962,Critical Thinking & Complex Decision Making (C-SOFT-01)
1965,Critical Thinking & Complex Decision Making (C-SOFT-01)
1966,Critical Thinking & Complex Decision Making (C-SOFT-01)
1967,Critical Thinking & Complex Decision Making (C-SOFT-01)
1968,Executive Communication & Stakeholder Alignment (C-SOFT-02)
1969,Critical Thinking & Complex Decision Making (C-SOFT-01)
1970,Executive Communication & Stakeholder Alignment (C-SOFT-02) + Critical Thinking & Complex Decision Making (C-SOFT-01)
1971,Critical Thinking & Complex Decision Making (C-SOFT-01)
1972,Executive Communication & Stakeholder Alignment (C-SOFT-02)
1973,Critical Thinking & Complex Decision Making (C-SOFT-01)
1974,Critical Thinking & Complex Decision Making (C-SOFT-01)
1975,Critical Thinking & Complex Decision Making (C-SOFT-01)
1976,Executive Communication & Stakeholder Alignment (C-SOFT-02)
1979,Critical Thinking & Complex Decision Making (C-SOFT-01)
1980,Critical Thinking & Complex Decision Making (C-SOFT-01)
1981,Executive Communication & Stakeholder Alignment (C-SOFT-02) + Critical Thinking & Complex Decision Making (C-SOFT-01)
1982,Executive Communication & Stakeholder Alignment (C-SOFT-02)
1985,Executive Communication & Stakeholder Alignment (C-SOFT-02) + Critical Thinking & Complex Decision Making (C-SOFT-01)
1986,Executive Communication & Stakeholder Alignment (C-SOFT-02)
1987,Executive Communication & Stakeholder Alignment (C-SOFT-02)
1989,Executive Communication & Stakeholder Alignment (C-SOFT-02)
1992,Critical Thinking & Complex Decision Making (C-SOFT-01)
1993,Critical Thinking & Complex Decision Making (C-SOFT-01)
1994,Critical Thinking & Complex Decision Making (C-SOFT-01)
1995,Critical Thinking & Complex Decision Making (C-SOFT-01)
1996,Executive Communication & Stakeholder Alignment (C-SOFT-02)
1997,Executive Communication & Stakeholder Alignment (C-SOFT-02)
1998,Executive Communication & Stakeholder Alignment (C-SOFT-02)
1999,Critical Thinking & Complex Decision Making (C-SOFT-01)
2000,Critical Thinking & Complex Decision Making (C-SOFT-01)
2003,Critical Thinking & Complex Decision Making (C-SOFT-01)
2007,Critical Thinking & Complex Decision Making (C-SOFT-01)
2008,Executive Communication & Stakeholder Alignment (C-SOFT-02)
2009,Critical Thinking & Complex Decision Making (C-SOFT-01)
2010,Critical Thinking & Complex Decision Making (C-SOFT-01)
2012,Executive Communication & Stakeholder Alignment (C-SOFT-02) + Critical Thinking & Complex Decision Making (C-SOFT-01)
2013,Critical Thinking & Complex Decision Making (C-SOFT-01)
2014,Critical Thinking & Complex Decision Making (C-SOFT-01)
2015,Critical Thinking & Complex Decision Making (C-SOFT-01)
2016,Critical Thinking & Complex Decision Making (C-SOFT-01)
2017,Executive Communication & Stakeholder Alignment (C-SOFT-02)
2018,Executive Communication & Stakeholder Alignment (C-SOFT-02)
2019,Critical Thinking & Complex Decision Making (C-SOFT-01)
2020,Executive Communication & Stakeholder Alignment (C-SOFT-02)
2021,Critical Thinking & Complex Decision Making (C-SOFT-01)
2022,Executive Communication & Stakeholder Alignment (C-SOFT-02)
2023,Critical Thinking & Complex Decision Making (C-SOFT-01)
2024,Executive Communication & Stakeholder Alignment (C-SOFT-02)
2025,Critical Thinking & Complex Decision Making (C-SOFT-01)
2026,Critical Thinking & Complex Decision Making (C-SOFT-01)
2027,Executive Communication & Stakeholder Alignment (C-SOFT-02)
2031,Critical Thinking & Complex Decision Making (C-SOFT-01)
2032,Critical Thinking & Complex Decision Making (C-SOFT-01)
2034,Critical Thinking & Complex Decision Making (C-SOFT-01)
2035,Executive Communication & Stakeholder Alignment (C-SOFT-02)
2036,Critical Thinking & Complex Decision Making (C-SOFT-01)
2037,Executive Communication & Stakeholder Alignment (C-SOFT-02)
2038,Critical Thinking & Complex Decision Making (C-SOFT-01)
2040,Executive Communication & Stakeholder Alignment (C-SOFT-02)
2041,Executive Communication & Stakeholder Alignment (C-SOFT-02)
2044,Critical Thinking & Complex Decision Making (C-SOFT-01)
2045,Critical Thinking & Complex Decision Making (C-SOFT-01)
2046,Critical Thinking & Complex Decision Making (C-SOFT-01)
2048,Critical Thinking & Complex Decision Making (C-SOFT-01)
2049,Critical Thinking & Complex Decision Making (C-SOFT-01)
2051,Executive Communication & Stakeholder Alignment (C-SOFT-02)
2052,Critical Thinking & Complex Decision Making (C-SOFT-01)
2053,Critical Thinking & Complex Decision Making (C-SOFT-01)
2054,Executive Communication & Stakeholder Alignment (C-SOFT-02)
2055,Critical Thinking & Complex Decision Making (C-SOFT-01)
2056,Critical Thinking & Complex Decision Making (C-SOFT-01)
2057,Executive Communication & Stakeholder Alignment (C-SOFT-02)
2060,Executive Communication & Stakeholder Alignment (C-SOFT-02)
2061,Critical Thinking & Complex Decision Making (C-SOFT-01)
2062,Executive Communication & Stakeholder Alignment (C-SOFT-02) + Critical Thinking & Complex Decision Making (C-SOFT-01)
2064,Executive Communication & Stakeholder Alignment (C-SOFT-02)
2065,Critical Thinking & Complex Decision Making (C-SOFT-01)
2068,Executive Communication & Stakeholder Alignment (C-SOFT-02)
