job_role,soc_code,onet_title,essential_skills_count,software_skills_count,total_required_skills,required_skills_list
Sales Executive,41-4012.00,"Sales Representatives, Wholesale and Manufacturing, Except Technical and Scientific Products",7,12,19,Reading Comprehension|Active Listening|Writing|Speaking|Critical Thinking|Active Learning|Monitoring|Microsoft Excel|Microsoft Office software|Microsoft Outlook|Microsoft PowerPoint|Salesforce software|Adobe Acrobat|Adobe Creative Cloud software|Adobe Illustrator|Adobe InDesign|Adobe Photoshop|Apple macOS|Autodesk AutoCAD
Research Scientist,15-1221.00,Computer and Information Research Scientists,10,12,22,Reading Comprehension|Active Listening|Writing|Speaking|Mathematics|Science|Critical Thinking|Active Learning|Learning Strategies|Monitoring|Amazon Web Services AWS software|Ansible software|Apache Hadoop|Apache Kafka|Apache Spark|Bash|C|C++|Docker|Git|GitHub|Go
Laboratory Technician,29-2012.00,Medical and Clinical Laboratory Technicians,8,12,20,Reading Comprehension|Active Listening|Writing|Speaking|Science|Critical Thinking|Active Learning|Monitoring|Microsoft Excel|Microsoft Office software|Google Docs|MEDITECH software|Microsoft Outlook|Microsoft PowerPoint|Microsoft Word|SAP software|Billing software|Commercial plate reader software|Data entry software|Database software
Manufacturing Director,11-1021.00,General and Operations Managers,8,12,20,Reading Comprehension|Active Listening|Writing|Speaking|Critical Thinking|Active Learning|Learning Strategies|Monitoring|Microsoft Excel|Microsoft Office software|Microsoft PowerPoint|Adobe Acrobat|Adobe Creative Cloud software|Adobe Photoshop|Amazon Web Services AWS software|Apache Hadoop|Apple macOS|Atlassian Confluence|Atlassian JIRA|Autodesk AutoCAD
Healthcare Representative,41-4011.00,"Sales Representatives, Wholesale and Manufacturing, Technical and Scientific Products",7,12,19,Reading Comprehension|Active Listening|Writing|Speaking|Critical Thinking|Active Learning|Monitoring|Microsoft Excel|Microsoft Office software|Microsoft Outlook|Salesforce software|Amazon Web Services AWS software|Apache Hadoop|Google Analytics|Google Workspace software|HubSpot software|IBM SPSS Statistics|Intuit QuickBooks|Linux
Manager,11-1021.00,General and Operations Managers,8,12,20,Reading Comprehension|Active Listening|Writing|Speaking|Critical Thinking|Active Learning|Learning Strategies|Monitoring|Microsoft Excel|Microsoft Office software|Microsoft PowerPoint|Adobe Acrobat|Adobe Creative Cloud software|Adobe Photoshop|Amazon Web Services AWS software|Apache Hadoop|Apple macOS|Atlassian Confluence|Atlassian JIRA|Autodesk AutoCAD
Sales Representative,41-4012.00,"Sales Representatives, Wholesale and Manufacturing",7,12,19,Reading Comprehension|Active Listening|Writing|Speaking|Critical Thinking|Active Learning|Monitoring|Microsoft Excel|Microsoft Office software|Microsoft Outlook|Microsoft PowerPoint|Salesforce software|Adobe Acrobat|Adobe Creative Cloud software|Adobe Illustrator|Adobe InDesign|Adobe Photoshop|Apple macOS|Autodesk AutoCAD
Research Director,11-9121.00,Natural Sciences Managers,10,12,22,Reading Comprehension|Active Listening|Writing|Speaking|Mathematics|Science|Critical Thinking|Active Learning|Learning Strategies|Monitoring|Microsoft Excel|Microsoft Office software|Microsoft PowerPoint|Adobe Acrobat|Adobe Photoshop|ESRI ArcGIS software|IBM SPSS Statistics|Microsoft Access|Microsoft Outlook|Microsoft Project|Microsoft SharePoint|Microsoft Visio
Human Resources,13-1071.00,Human Resources Specialists,8,12,20,Reading Comprehension|Active Listening|Writing|Speaking|Critical Thinking|Active Learning|Learning Strategies|Monitoring|Microsoft Excel|Microsoft Office software|Microsoft Outlook|Microsoft PowerPoint|Workday software|Applicant tracking software|Oracle HRIS|Adobe Acrobat|Adobe Creative Cloud software|Adobe Illustrator|Adobe InDesign|Adobe Photoshop
Software Engineer,15-1252.00,Software Developers,7,12,19,Reading Comprehension|Active Listening|Writing|Speaking|Critical Thinking|Active Learning|Monitoring|Amazon Web Services AWS software|Apache Kafka|Atlassian JIRA|C|C#|C++|Cascading style sheets CSS|Docker|Git|GitHub|Go|Google Angular
Data Analyst,15-2051.01,Business Intelligence Analysts,9,12,21,Reading Comprehension|Active Listening|Writing|Speaking|Mathematics|Critical Thinking|Active Learning|Learning Strategies|Monitoring|Amazon Web Services AWS software|Microsoft Azure software|Microsoft Excel|Microsoft Office software|Microsoft Power BI|Microsoft PowerPoint|Python|R|Salesforce software|SAP software|SAS|Snowflake
Cybersecurity Specialist,15-1212.00,Information Security Analysts,7,12,19,Reading Comprehension|Active Listening|Writing|Speaking|Critical Thinking|Active Learning|Monitoring|Amazon Web Services AWS software|Linux|Microsoft Azure software|Microsoft Excel|Microsoft Office software|Microsoft PowerPoint|Microsoft PowerShell|Python|Splunk Enterprise|UNIX|eMASS|Firewall software
Accountant,13-2011.00,Accountants and Auditors,8,12,20,Reading Comprehension|Active Listening|Writing|Speaking|Mathematics|Critical Thinking|Active Learning|Monitoring|Intuit QuickBooks|Microsoft Excel|Microsoft Office software|Microsoft Outlook|Microsoft PowerPoint|SAP software|Adobe Acrobat|Alteryx software|Epic Systems|Google Docs|Google Sheets|IBM SPSS Statistics
Financial Analyst,13-2051.00,Financial and Investment Analysts,0,12,12,Microsoft Excel|Microsoft Office software|Microsoft Outlook|Microsoft Power BI|Microsoft PowerPoint|SAP software|Structured query language SQL|Tableau|Alteryx software|Apache Hive|Google Docs|IBM SPSS Statistics
Marketing Executive,11-2021.00,Marketing Managers,9,12,21,Reading Comprehension|Active Listening|Writing|Speaking|Mathematics|Critical Thinking|Active Learning|Learning Strategies|Monitoring|Atlassian JIRA|Microsoft Excel|Microsoft Office software|Microsoft PowerPoint|Salesforce software|Structured query language SQL|Adobe Acrobat|Adobe After Effects|Adobe Creative Cloud software|Adobe Illustrator|Adobe InDesign|Adobe Photoshop
Content Strategist,27-3042.00,Technical Writers,7,12,19,Reading Comprehension|Active Listening|Writing|Speaking|Critical Thinking|Active Learning|Monitoring|Atlassian Confluence|Atlassian JIRA|Extensible markup language XML|Microsoft Excel|Microsoft Office software|Microsoft Outlook|Microsoft PowerPoint|Microsoft SharePoint|Microsoft Visio|Microsoft Word|Adobe Acrobat|Adobe Creative Cloud software
Employee Relations,13-1075.00,Labor Relations Specialists,8,12,20,Reading Comprehension|Active Listening|Writing|Speaking|Critical Thinking|Active Learning|Learning Strategies|Monitoring|Microsoft Excel|Microsoft Office software|Microsoft Outlook|Microsoft PowerPoint|ServiceNow|Workday software|Oracle HRIS|Kubernetes|Microsoft Access|Microsoft SharePoint|Microsoft Word|Oracle PeopleSoft
Business Development,11-2022.00,Sales Managers,9,12,21,Reading Comprehension|Active Listening|Writing|Speaking|Mathematics|Critical Thinking|Active Learning|Learning Strategies|Monitoring|Microsoft Excel|Microsoft Office software|Microsoft Outlook|Microsoft PowerPoint|Salesforce software|Adobe Acrobat|Adobe Creative Cloud software|Bentley MicroStation|Eclipse IDE|Facebook|Google Analytics|Google Docs
Account Manager,41-4012.00,"Sales Representatives, Wholesale and Manufacturing",7,12,19,Reading Comprehension|Active Listening|Writing|Speaking|Critical Thinking|Active Learning|Monitoring|Microsoft Excel|Microsoft Office software|Microsoft Outlook|Microsoft PowerPoint|Salesforce software|Adobe Acrobat|Adobe Creative Cloud software|Adobe Illustrator|Adobe InDesign|Adobe Photoshop|Apple macOS|Autodesk AutoCAD
HR Manager,11-3121.00,Human Resources Managers,9,12,21,Reading Comprehension|Active Listening|Writing|Speaking|Mathematics|Critical Thinking|Active Learning|Learning Strategies|Monitoring|Microsoft Excel|Microsoft Office software|Microsoft Outlook|Microsoft PowerPoint|Workday software|Applicant tracking software|Oracle HRIS|Facebook|IBM SPSS Statistics|Intuit QuickBooks|Kronos Workforce Timekeeper|Microsoft Access
Auditor,13-2011.00,Accountants and Auditors,8,12,20,Reading Comprehension|Active Listening|Writing|Speaking|Mathematics|Critical Thinking|Active Learning|Monitoring|Intuit QuickBooks|Microsoft Excel|Microsoft Office software|Microsoft Outlook|Microsoft PowerPoint|SAP software|Adobe Acrobat|Alteryx software|Epic Systems|Google Docs|Google Sheets|IBM SPSS Statistics
Recruitment Specialist,13-1071.00,Human Resources Specialists,8,12,20,Reading Comprehension|Active Listening|Writing|Speaking|Critical Thinking|Active Learning|Learning Strategies|Monitoring|Microsoft Excel|Microsoft Office software|Microsoft Outlook|Microsoft PowerPoint|Workday software|Applicant tracking software|Oracle HRIS|Adobe Acrobat|Adobe Creative Cloud software|Adobe Illustrator|Adobe InDesign|Adobe Photoshop
SEO Specialist,15-1255.01,Video Game Designers / Web Specialists,7,12,19,Reading Comprehension|Active Listening|Writing|Speaking|Critical Thinking|Active Learning|Monitoring|Adobe Photoshop|C#|C++|Python|Autodesk Maya|Unity Technologies Unity|Unreal Technology Unreal Engine|Adobe After Effects|Adobe Creative Cloud software|Adobe Illustrator|Atlassian JIRA|C
